ID,1,2,3,4,5,6,7,8,9,10,11,12,13,14,15,16,17,18,19,20,21,22,23,24,25,26,27,28,29,30,31,32,33,34,35,36,37,38,39,40,41,42,43,44,45,46,47,48,49,50,51,52,53,54,55,56,57,58,59,60,61,62,63,64,65,66,67,68,69,70,71,72,73,74,75,76,77,78,79,80,81,82,83,84
1,0,59.9995632369,60.0039669931,84.8540444127,247.387658205,247.39800176,339.410904982,780.019928372,720.018812364,782.32598393,722.515585865,758.965429052,1021.79590887,1047.88411284,976.86895767,1035.90376658,989.681675721,1047.9909552,1021.90890671,759.068177891,722.638852783,1102.15872336,1060.54705124,1060.62777946,1017.30673058,1247.43857821,1247.7873446,1441.57695346,5346.45852829,5305.17976274,5303.24515327,5261.61929739,5482.49471576,5473.1332246,5685.79465021,6049.80608716,6011.65624607,6003.76578352,5965.32160905,6199.35692831,6160.97805609,6387.84518871,6076.92674569,6040.64854608,6029.38660614,5992.82929272,6234.06498946,6179.31768666,6413.5442622,6703.84788433,6660.79697095,6662.33379765,6619.01208627,6830.64925899,6838.15458199,7043.21465913,1559.69712418,1619.26643035,1568.12064149,1627.38936597,1608.91249478,1331.73013229,1309.08663749,2335.84816495,2276.04520506,2341.47827736,2281.83310459,2268.69252695,2580.24578919,2568.63327344,1788.07360716,1827.28104822,1742.59108738,1782.80618075,2013.27658726,1594.23901663,1848.37411705,2689.17855681,2745.21148408,2668.07685316,2724.54610513,2839.08356794,2443.91386212,2570.98532412
2,59.9995632369,0,84.8502239977,59.9922336482,240.011093743,305.949815316,384.194112045,720.020366213,660.01925027,722.516915305,662.741012286,702.304773998,961.905653768,989.577534707,989.669886232,1047.98343501,1005.9046493,1063.32402617,1020.1322065,780.105183416,720.128773072,1060.61543825,1017.30616024,1020.92216279,975.840878756,1198.93878913,1214.21543049,1399.81768591,5344.15183599,5303.36603927,5300.47246879,5259.33990871,5482.46943319,5468.46503197,5683.38699471,6040.58383911,6001.98049531,5994.92467413,5956.02549668,6188.22338339,6153.90382975,6378.89901036,6081.14838113,6045.34375278,6033.24863677,5997.16667962,6240.13426512,6181.33295692,6417.33302921,6701.19860164,6657.77454323,6660.07485356,6616.38011566,6826.11443558,6837.34061381,7040.50036199,1546.10156798,1605.36610546,1556.75704342,1615.63824073,1586.47917689,1322.26677234,1286.47500581,2319.52109857,2259.86120161,2326.63432033,2267.17181391,2246.48556503,2564.75728187,2546.49062713,1808.42277008,1849.01508399,1764.20201252,1805.79552322,2030.46512649,1609.51045862,1858.06869151,2689.88312919,2745.42830085,2667.5285948,2723.5321537,2844.01936185,2445.44150941,2578.95513765
3,60.0039669931,84.8502239977,0,60.0023146992,305.9468938,240.005367266,384.187349301,782.328186296,722.518758443,780.025163384,720.023644749,780.023308701,1020.03641827,1063.23633626,917.957747106,976.867111293,931.58087166,989.675607114,962.015316291,702.396347265,662.861493025,1060.5394035,1020.75951856,1017.31040334,975.757620029,1213.79362508,1199.23321073,1399.76196295,5286.51314095,5245.21461016,5243.32246538,5201.67295195,5422.49175988,5413.33925908,5625.85287203,5990.56748627,5952.49318375,5944.4671744,5906.09578921,6140.45792399,6101.43108886,6328.55978258,6017.05318924,5980.80822455,5969.4901323,5932.96327444,6174.3438455,6119.33895594,6353.64440845,6643.91517308,6600.88381174,6602.38332491,6559.07870515,6770.83848126,6778.160241,6983.28449052,1501.58952644,1561.22531522,1509.47695067,1568.82071834,1553.83145392,1272.7471559,1254.22428769,2278.3767584,2218.53820791,2283.5798642,2223.8915587,2213.3430764,2522.50314614,2513.20931062,1731.42451702,1771.152719,1686.40545066,1727.17651877,1955.61904781,1536.01108181,1789.03355505,2629.17460522,2685.20910468,2608.08548671,2664.56582979,2779.23819688,2383.91534704,2511.43638823
4,84.8540444127,59.9922336482,60.0023146992,0,300.003327391,300.007681957,424.264949302,722.517211873,662.742407248,720.022848691,660.021330053,725.003465373,960.034103579,1005.81441033,931.581051719,989.680117429,948.810256156,1005.91043102,960.139972984,725.091878658,660.13653965,1017.30471721,975.763376782,975.851099247,932.452731683,1163.89744123,1164.27055072,1356.72293033,5284.19199847,5243.3918884,5240.52977012,5199.37900366,5422.47802477,5408.63103928,5623.43125895,5981.26516046,5942.73233098,5935.54902776,5896.71756321,6129.22849625,6094.29915471,6319.54095336,6021.32878361,5985.56236702,5973.40285821,5937.3563805,6180.4837985,6121.38587449,6357.48083554,6641.25366163,6597.84559747,6600.11556284,6556.43435641,6766.27514177,6777.35083886,6980.55856218,1487.47410666,1546.8146016,1497.67980533,1556.63881665,1530.60120631,1262.85343861,1230.61521705,2261.64560119,2201.94235985,2268.36796938,2208.85664965,2190.58517823,2506.66870406,2490.58404133,1752.44378438,1793.57915637,1708.73926087,1750.90851022,1973.32210599,1551.86794803,1799.06020675,2629.90721228,2685.44269999,2607.53651974,2663.54092419,2784.29217938,2385.49342954,2519.60675253
5,247.387658205,240.011093743,305.9468938,300.003327391,0,424.282263101,300.007869735,758.961064741,702.294068745,780.017088406,724.996952135,660.014803895,1005.81046941,960.02440841,1223.90463959,1282.7968242,1237.0693331,1295.35907278,1260.14329977,1005.90787103,960.139866109,1247.78023403,1199.23430299,1214.22177509,1164.26600698,1356.72470799,1421.82200433,1583.27018331,5584.04024355,5543.30867384,5540.29606473,5499.23246232,5722.47740495,5707.87619214,5923.25942177,6278.02810333,6239.156846,6232.58693814,6193.43057913,6424.42894652,6392.43680915,6616.48720491,6320.50163779,6284.55160695,6272.7018818,6236.48496378,6478.84131519,6421.17189815,6656.80916866,6941.02861322,6897.54339101,6899.95984027,6856.21336304,7065.53952115,7077.34227681,7280.3179452,1781.56159143,1840.5414861,1793.71500422,1852.31528576,1812.6626141,1560.40490186,1513.12134639,2552.04158117,2492.55829728,2560.53787189,2501.2667952,2472.04563838,2797.95588372,2771.86521637,2034.66792372,2073.33715661,1988.7245782,2028.27711934,2260.55503951,1841.62330102,2094.70342274,2929.83565507,2985.41554261,2907.5391222,2963.53963011,3083.0731316,2685.2957292,2816.66344966
6,247.39800176,305.949815316,240.005367266,300.007681957,424.282263101,0,300.008097274,1021.79284831,961.901975459,1020.03053055,960.029011946,1005.81434158,1260.04178545,1295.26270114,902.139737055,962.016781968,900.138023876,960.136857529,1005.92587577,660.12865259,725.122803661,1247.42724822,1213.78952091,1198.93804572,1163.88764163,1421.20921612,1356.71930654,1582.99288063,5302.57673753,5259.34431988,5261.32091864,5217.73845857,5429.17741878,5438.75008456,5641.90902011,6033.598053,5997.37846786,5986.01910342,5949.50999549,6190.98458434,6135.74130261,6370.15643856,6005.91350132,5967.78528924,5959.85304568,5921.43703703,6155.5700669,6117.02838958,6343.94874554,6659.95382029,6618.45986708,6616.88509239,6575.11853673,6794.35724246,6786.6991646,6999.31842002,1579.72349739,1639.68526765,1578.73748216,1638.74398543,1665.228741,1338.73895179,1371.03134914,2359.41071232,2299.42120793,2358.74780107,2298.75126684,2317.70637241,2598.75646128,2615.53914573,1666.40660377,1699.76433619,1616.36985028,1650.74699778,1902.16189352,1495.14780529,1768.82014189,2639.91057181,2697.64881195,2624.03173872,2682.11361782,2771.9439734,2392.68234987,2492.96503072
7,339.410904982,384.194112045,384.187349301,424.264949302,300.007869735,300.008097274,0,1047.87653894,989.564898378,1063.22643445,1005.80441328,960.022673615,1295.25635442,1260.03227813,1201.64805773,1261.57855765,1200.14612058,1260.14495426,1295.36965259,960.13674904,1005.92834287,1441.56950763,1399.76228542,1399.82243414,1356.71749696,1582.99750926,1583.26963006,1780.98778337,5601.44490394,5558.40439594,5559.97034128,5516.59805067,5728.82998744,5736.4282561,5940.80872218,6327.91121174,6291.23275313,6280.67455654,6243.7187306,6483.37778515,6431.96234955,6664.85200544,6305.82182293,6267.6266768,6259.80401816,6221.33514066,6455.08328113,6417.02206979,6643.89087082,6958.92739196,6917.26871286,6916.0064946,6874.08690071,7092.44093917,7086.29901128,7298.31149472,1859.27860505,1919.2534971,1861.93153928,1921.83199227,1927.69301929,1622.43421,1629.3724448,2639.07360237,2579.07914213,2640.94064417,2580.99982082,2585.36707698,2880.75021418,2884.66454244,1961.05450586,1992.73912549,1909.94659627,1942.47322228,2198.71340531,1794.08957243,2068.79201118,2938.82154061,2996.40323082,2922.34471368,2980.24661729,3071.92950279,2691.68718926,2792.86004295
8,780.019928372,720.020366213,782.328186296,722.517211873,758.961064741,1021.79284831,1047.87653894,0,60.0011161144,60.0042999156,84.8534220836,247.387078763,247.399124013,339.420119814,1357.73433636,1400.81122548,1400.80445962,1442.59044058,1248.61967464,1248.58637404,1018.31291397,780.08568682,720.08998206,782.501081549,722.699233635,758.586142491,1021.93645411,1047.61835942,5369.09458473,5334.59726784,5320.27457733,5285.45111061,5533.29306207,5463.91232908,5704.00237686,5976.11294513,5932.29662689,5935.43695369,5891.31814442,6099.37676908,6114.60901581,6315.31190909,6177.3508947,6147.39797591,6125.55992326,6095.36072361,6356.98146169,6250.69543767,6506.07344222,6711.43911824,6663.81357862,6675.25060646,6627.36429823,6812.9438847,6868.71294938,7047.94503305,1563.89615514,1612.87807844,1599.82033801,1647.73842032,1489.54285205,1417.3892885,1229.9129902,2242.83525063,2188.21444846,2268.02804954,2214.03815965,2098.96641079,2486.76922651,2384.89479049,2170.42926644,2222.56986693,2141.01762385,2193.86162277,2349.2703031,1933.83700115,2108.50017236,2800.59750209,2848.52115299,2764.59620264,2813.13703634,2997.91600061,2575.29462204,2775.9522972
9,720.018812364,660.01925027,722.518758443,662.742407248,702.294068745,961.901975459,989.564898378,60.0011161144,0,84.8601313111,60.0042742726,239.997244941,305.95577903,384.195459017,1315.99772157,1360.39682515,1357.74062386,1400.81196073,1215.01441624,1200.07197461,976.815230278,782.28453803,722.471716977,780.092081922,720.089671262,779.544766575,1020.0936987,1062.89350852,5363.334152,5328.29110016,5314.90731422,5279.53527,5525.49755266,5460.67129917,5698.81810549,5978.20507333,5934.80365427,5937.08711482,5893.38292524,6103.59099512,6114.66011504,6317.50603201,6166.18528226,6135.73629762,6114.68745939,6083.98900152,6344.21035462,6241.77748837,6495.68143034,6707.63933053,6660.34257549,6671.02408032,6623.46514668,6811.14021089,6863.22393964,7044.51901574,1549.70020071,1599.92900832,1583.82730654,1633.01081528,1484.58641866,1395.59491912,1218.58745858,2240.50952287,2185.23609858,2264.24566592,2209.57551728,2102.25963764,2485.41152666,2390.51226434,2133.34158187,2184.83051023,2102.79361543,2155.0170056,2315.84329231,1898.51816761,2079.28071539,2784.44106874,2833.09674376,2749.44968807,2798.71746227,2978.75856554,2556.99675383,2752.89371729
10,782.32598393,722.516915305,780.025163384,720.022848691,780.017088406,1020.03053055,1063.22643445,60.0042999156,84.8601313111,0,60.0015187415,305.946413621,240.011254902,384.198218488,1315.98617706,1357.73650392,1360.37880336,1400.80125563,1200.09492097,1214.96850848,976.801366815,720.081497153,660.085810969,722.697343172,662.931752346,701.880423824,962.047467549,989.28494546,5309.40443193,5274.96624331,5260.54549284,5225.77781712,5473.84682737,5404.01578152,5644.25360471,5916.13551391,5872.33305749,5875.44782165,5831.33977202,6039.50164779,6054.60523445,6255.33813513,6118.46034581,6088.60715208,6066.61323149,6036.51184609,6298.42627051,6191.40822246,6447.03350054,6651.57439479,6603.9273433,6615.41681352,6567.50672933,6752.97571126,6808.98761203,6988.05500757,1505.94971648,1554.5975435,1542.38172369,1589.91882968,1429.8690525,1362.1202508,1171.34659697,2182.91500337,2128.33425191,2208.20339301,2154.2727549,2039.01292556,2426.80210122,2325.09309763,2124.00427558,2176.66043247,2095.54377295,2148.90154096,2300.05240045,1886.12376446,2056.67964165,2743.03204029,2790.74093202,2706.74491128,2755.08608633,2941.30454544,2518.4282602,2720.89365912
11,722.515585865,662.741012286,720.023644749,660.021330053,724.996952135,960.029011946,1005.80441328,84.8534220836,60.0042742726,60.0015187415,0,300.001519203,300.012773531,424.273541885,1272.8809146,1315.99946015,1315.99226343,1357.73701875,1165.09041921,1165.0544864,933.459492437,722.462645643,662.682855135,720.08791638,660.085525814,724.481137922,960.089487413,1005.44655974,5303.57910056,5268.58863033,5255.11716141,5219.79427731,5465.96645752,5400.73875831,5639.01434312,5918.24883624,5874.8656679,5877.11481488,5833.42577355,6043.75763116,6054.65681916,6257.55328212,6107.18696923,6076.83255229,6055.63483852,6025.02895377,6285.53608398,6182.40467253,6436.54607818,6647.74034617,6600.42480658,6611.15198958,6563.57197482,6751.1559874,6803.45036279,6984.59957539,1491.20196037,1541.1586188,1525.78647611,1574.65027621,1424.7048255,1339.42653609,1159.44882836,2180.52524555,2125.27185921,2204.31822952,2149.68590876,2042.40273464,2425.41073234,2330.85464322,2086.09101232,2138.11051728,2056.47432569,2109.22869499,2265.89909843,1849.89381879,2026.71289695,2726.53432622,2774.99519492,2691.27264387,2740.36089177,2921.77574088,2499.71395057,2697.36420808
12,758.965429052,702.304773998,780.023308701,725.003465373,660.014803895,1005.81434158,960.022673615,247.387078763,239.997244941,305.946413621,300.001519203,0,424.27501401,300.009604521,1500.10620249,1548.53117649,1536.85652291,1584.15328463,1422.50639856,1357.73264622,1165.08901857,1021.76589628,961.875343908,1020.08902705,960.086569586,1005.44895253,1260.09075753,1294.98226265,5602.38830255,5567.14660477,5554.0947349,5518.53705547,5763.70097463,5700.39696493,5938.05422143,6218.01925407,6174.54841232,6176.96252145,6133.20071546,6342.93656823,6354.65360322,6557.30641571,6402.346873,6371.53809101,6351.05765524,6320.00713708,6579.12894511,6479.36614901,6732.35786274,6947.23391371,6900.00912605,6910.51589013,6863.03772692,7051.06079907,7102.33780644,7284.1911817,1784.67492579,1835.79038478,1817.24822109,1867.47666498,1724.1785501,1622.99900945,1455.83162293,2480.43657715,2425.09318681,2503.97261512,2449.17054523,2341.74254784,2725.39643502,2629.28026164,2328.21297804,2377.66737942,2294.40793567,2344.58053338,2519.99857259,2098.89927511,2293.18973064,3016.86990221,3066.21777333,2982.86369987,3032.76856103,3207.77444255,2787.25566247,2976.73217994
13,1021.79590887,961.905653768,1020.03641827,960.034103579,1005.81046941,1260.04178545,1295.25635442,247.399124013,305.95577903,240.011254902,300.012773531,424.27501401,0,300.004978739,1500.08015138,1536.83811328,1548.50126758,1584.13061157,1357.73395865,1422.4531459,1165.05508067,759.478457035,702.851309193,780.628754892,725.651015946,660.086602513,1006.29402981,960.087283033,5339.40608653,5307.20493657,5289.03132428,5256.51428296,5511.80825891,5423.76281505,5671.530567,5913.78208717,5868.34627165,5874.92290462,5829.18421116,6028.43890341,6060.35900807,6252.24704697,6169.20334945,6141.36178836,6116.23585857,6088.16012436,6355.40985104,6233.0879855,6494.37677343,6672.30333131,6623.37363533,6637.89150805,6588.70557377,6765.58988465,6836.37695189,7007.01640249,1586.42604142,1629.49306879,1629.31540983,1671.27985384,1474.97342887,1473.99352981,1247.00612388,2208.82483584,2157.31057192,2239.8249863,2189.04914183,2043.11160569,2447.13302507,2317.506498,2285.15684443,2339.92777306,2261.02723008,2316.37214758,2446.64911967,2042.29105873,2188.94271441,2820.86277292,2865.46395496,2780.76350117,2826.00184222,3030.0784885,2605.8046859,2825.83017609
14,1047.88411284,989.577534707,1063.23633626,1005.81441033,960.02440841,1295.26270114,1260.03227813,339.420119814,384.195459017,384.198218488,424.273541885,300.009604521,300.004978739,0,1697.15445472,1740.10517315,1740.10003063,1782.01055919,1584.15030674,1584.12653544,1357.73303167,1048.26791197,989.97978495,1063.69201587,1006.2935642,960.091100864,1295.64295399,1260.09200657,5636.31916241,5603.70875131,5586.19702108,5553.28494205,5807.19575255,5722.21850331,5968.94459351,6213.77136831,6168.34915265,6174.88039613,6129.16997591,6328.34557209,6360.09010163,6552.2463217,6461.53361701,6433.11446692,6408.86846254,6380.22282599,6645.91918309,6527.7469376,6787.67140107,6970.7447205,6921.96788747,6936.10447032,6887.08161418,7064.88519095,7133.88799085,7305.69190192,1864.97620766,1910.55279965,1905.00461738,1949.6485933,1765.94540087,1735.72011818,1526.48435628,2505.35358889,2453.22217737,2535.28892786,2483.79476859,2342.36392168,2744.74855417,2617.45769689,2508.13561674,2560.67371412,2479.40864778,2532.5469187,2683.68969851,2270.29218361,2437.75093213,3102.38528163,3148.33136447,3063.85155319,3110.37096606,3306.72524149,2882.78572549,3093.62039434
15,976.86895767,989.669886232,917.957747106,931.581051719,1223.90463959,902.139737055,1201.64805773,1357.73433636,1315.99772157,1315.98617706,1272.8809146,1500.10620249,1500.08015138,1697.15445472,0,60.0020786433,60.0072791543,84.8561052576,247.388753691,247.397895843,339.421423708,975.324820062,988.1685372,916.426102545,930.075451303,1222.37665626,900.556455866,1200.06291469,4400.72438834,4357.32899699,4359.71254442,4315.89657061,4527.1871257,4538.65178542,4740.01985542,5140.8574956,5105.80095911,5092.45407397,5057.06214637,5303.08408531,5238.49438073,5476.36776981,5108.36562325,5071.03780892,5061.69885006,5024.03305602,5261.7327152,5216.58266731,5445.88614689,5757.98845077,5716.64154218,5714.82041857,5673.15808399,5893.47406554,5884.65174741,6097.33525187,787.534734674,842.563069153,764.758889574,821.32448147,960.892999038,545.928263685,739.445989675,1532.32805883,1473.73676903,1520.74428196,1461.69896287,1544.44336692,1757.58987525,1826.9829985,833.551086587,880.257908117,796.178290748,844.959127726,1044.26555078,621.050929745,873.063176597,1738.15359375,1796.10914853,1723.32190085,1781.76166794,1871.73284392,1490.83626191,1597.28102233
16,1035.90376658,1047.98343501,976.867111293,989.680117429,1282.7968242,962.016781968,1261.57855765,1400.81122548,1360.39682515,1357.73650392,1315.99946015,1548.53117649,1536.83811328,1740.10517315,60.0020786433,0,84.8572499686,60.0027371481,240.008097348,305.953788214,384.202099682,988.167336237,1004.43664959,930.08180834,947.341683902,1235.56572108,898.56333755,1198.56897001,4340.9930789,4297.54618356,4300.04162749,4256.16848004,4467.2514743,4479.24753644,4680.27698099,5082.36231914,5047.43631827,5033.86735852,4998.60266889,5245.10670003,5179.46719755,5417.74434944,5048.41913741,5011.11788962,5001.73477027,4964.09147261,5201.92592642,5156.58059143,5385.9233664,5698.22006156,5656.91520735,5655.01500442,5613.39142477,5833.93263165,5824.72946712,6037.56047555,746.696640984,800.338915785,720.835266895,776.276638695,929.697244062,509.55470433,722.065704504,1482.59063432,1424.31090735,1469.73175289,1410.93117252,1500.81920767,1705.78679652,1780.85464845,781.447727835,829.523652102,745.968368705,796.194789346,988.374533323,564.504424578,813.402452462,1678.47819257,1736.4917114,1663.89526197,1722.40172274,1811.73594613,1431.14030723,1537.49362332
17,989.681675721,1005.9046493,931.58087166,948.810256156,1237.0693331,900.138023876,1200.14612058,1400.80445962,1357.74062386,1360.37880336,1315.99226343,1536.85652291,1548.50126758,1740.10003063,60.0072791543,84.8572499686,0,59.9988336936,305.951245528,240.009371706,384.202255448,1034.35976385,1046.4795181,975.334800115,988.170573423,1281.26940181,960.439022186,1259.99889995,4406.78185337,4362.82572193,4366.37000021,4321.9946113,4530.38471706,4547.43112305,4745.9294072,5154.47434945,5119.97415776,5105.66937782,5070.83729111,5318.76950438,5249.53570056,5489.39891047,5106.14718197,5068.26844223,5059.92857451,5021.70998809,5257.25997596,5216.94282372,5444.05389462,5763.55876716,5722.66645719,5719.95909159,5678.75200719,5901.15527395,5888.03163126,6102.81761894,831.389074455,885.159267811,805.69006513,861.076526879,1011.81756355,593.234444021,796.398452698,1566.1414512,1508.00240111,1552.64817972,1493.99427291,1585.66736078,1788.17428758,1865.44699281,806.458301792,850.70864354,766.073695501,812.532526742,1024.56490757,604.597128376,868.943138735,1745.31652316,1803.76234281,1732.48571695,1791.35172789,1871.91585484,1497.95523465,1593.42474041
18,1047.9909552,1063.32402617,989.675607114,1005.91043102,1295.35907278,960.136857529,1260.14495426,1442.59044058,1400.81196073,1400.80125563,1357.73701875,1584.15328463,1584.13061157,1782.01055919,84.8561052576,60.0027371481,59.9988336936,0,300.010834232,300.008205396,424.277528722,1046.47305751,1061.84955467,988.171769164,1004.43353092,1293.85324936,958.566074176,1258.57170675,4347.13654889,4303.1220931,4306.79404633,4262.35474202,4470.49494043,4488.14562128,4686.26465565,5096.13759666,5061.77501565,5047.23822195,5012.54057897,5260.96691537,5190.63642907,5430.91833017,5046.17776493,5008.31885422,4999.94665328,4961.74377128,5197.40530837,5156.94816487,5384.07410141,5703.85155906,5663.00644042,5660.21081953,5619.04765749,5841.69476816,5828.14709009,6043.09988994,792.811847765,845.065008177,764.121960297,818.219428949,982.238199508,559.940473068,780.284346513,1517.51271382,1459.73718662,1502.71932026,1444.36227025,1543.208113,1737.28382991,1820.29311876,752.486509163,798.103480873,713.754505023,761.700479833,967.541244055,546.354949066,808.982264976,1685.89736756,1744.40912249,1673.38705024,1732.32289841,1811.92827384,1438.55741272,1533.49057727
19,1021.90890671,1020.1322065,962.015316291,960.139972984,1260.14329977,1005.92587577,1295.36965259,1248.61967464,1215.01441624,1200.09492097,1165.09041921,1422.50639856,1357.73395865,1584.15030674,247.388753691,240.008097348,305.951245528,300.010834232,0,424.274295319,300.003433873,757.593936579,778.692867263,700.946016932,723.691708685,1004.432812,658.555240363,958.560872692,4324.69013568,4283.60825414,4281.36812572,4239.85842774,4462.35470068,4451.597448,4664.00037298,5034.06604385,4996.9050909,4987.27448909,4949.76237086,5188.14973803,5141.57980301,5371.4571153,5064.51344527,5029.48674663,5016.08841783,4980.72977459,5226.88650572,5162.11430099,5400.01033633,5682.00338649,5638.89812453,5640.59560116,5597.17066067,5809.00673054,5817.25642503,6021.35932238,587.886061399,646.690438452,578.378643605,638.068826922,731.129483743,340.76212189,493.495782885,1360.53921342,1300.78653225,1356.45413768,1296.52365247,1344.76454683,1596.24760879,1635.67364367,927.57514445,982.195616749,903.656904576,959.643026546,1100.87513143,686.543491742,873.128787598,1670.19030166,1725.47317438,1647.40090131,1703.42605029,1830.76366482,1426.56959837,1576.4330933
20,759.068177891,780.105183416,702.396347265,725.091878658,1005.90787103,660.12865259,960.13674904,1248.58637404,1200.07197461,1214.96850848,1165.0544864,1357.73264622,1422.4531459,1584.12653544,247.397895843,305.953788214,240.009371706,300.008205396,424.274295319,0,300.01102442,1020.32840467,1018.5726317,960.442253168,958.566688276,1258.57906698,1004.40025977,1293.82123528,4645.46778691,4601.73072936,4604.79724911,4560.66191598,4769.98508097,4784.76442882,4984.68228846,5388.19943112,5353.18108926,5339.75477794,5304.41676604,5550.45882514,5485.3843976,5723.64860562,5346.04556964,5308.09206218,5299.8741878,5261.59641415,5496.72428157,5456.93638014,5683.99119008,6002.4594562,5961.38819959,5959.01625772,5917.64267132,6139.11559554,6127.60599562,6341.75530497,1006.90230055,1064.43055172,991.04472274,1049.45221513,1154.00167404,759.942851763,898.823725703,1767.66807618,1708.52529895,1758.68016223,1699.23483022,1765.72057002,1996.81177151,2053.68713211,1029.05667724,1068.96057993,984.168474113,1025.82698974,1255.45019542,840.056422497,1108.84181288,1983.35578584,2041.56624259,1969.43825991,2028.04983999,2111.88655732,1735.9735234,1833.21784503
21,722.638852783,720.128773072,662.861493025,660.13653965,960.139866109,725.122803661,1005.92834287,1018.31291397,976.815230278,976.801366815,933.459492437,1165.08901857,1165.05508067,1357.73303167,339.421423708,384.202099682,384.202255448,424.277528722,300.003433873,300.01102442,0,721.051084778,718.561607782,661.281421617,658.555664535,958.568042885,723.647428764,1004.39489926,4624.46517275,4583.48389399,4581.02114943,4539.63963794,4762.35230172,4750.49437208,4963.75220097,5329.5260494,5291.88006673,5283.10769483,5245.12867164,5481.48420593,5438.98237946,5667.25506966,5363.35170957,5328.06464391,5315.10067901,5279.4997298,5524.6039757,5461.81426843,5699.08433322,5981.697503,5938.48679501,5940.38323564,5896.86900321,6108.01491347,6117.24393801,6321.03745717,854.930817348,914.921076748,856.039722653,915.965655808,949.459619095,616.51899926,665.264226269,1634.88854576,1574.88418711,1635.46513714,1575.49312717,1595.19868229,1875.39175488,1891.97744539,1163.23302433,1212.60435484,1129.48313723,1180.27209112,1360.85875706,937.298263023,1156.47050742,1970.01773147,2025.40629227,1947.40256082,2003.41894276,2128.06462631,1726.0486079,1869.28355838
22,1102.15872336,1060.61543825,1060.5394035,1017.30471721,1247.78023403,1247.42724822,1441.56950763,780.08568682,782.28453803,720.081497153,722.462645643,1021.76589628,759.478457035,1048.26791197,975.324820062,988.167336237,1034.35976385,1046.47305751,757.593936579,1020.32840467,721.051084778,0,59.9957994272,59.9964343579,84.8520341566,247.398404156,247.390865489,339.418348885,4593.5624122,4559.94372175,4544.17404133,4510.17978562,4761.33026886,4685.34430395,4927.57211785,5196.47567102,5152.8765772,5155.61451765,5111.66694989,5321.30647196,5334.52568418,5535.7282199,5413.34149003,5384.85149797,5360.75059118,5331.98770257,5597.7761341,5480.89989684,5739.79723299,5933.2791667,5885.35035927,5897.53140365,5849.30897468,6033.32935024,6092.52771965,6269.41771833,832.911076185,872.984751676,879.471709285,917.51544992,717.760258535,756.319803202,495.341847001,1464.26649558,1410.42592872,1491.23946051,1438.41810873,1319.99639459,1707.29977349,1608.79524604,1636.05861006,1694.64349195,1623.92537194,1682.93404597,1761.27174414,1388.74826057,1482.712187,2062.54503545,2106.5532626,2021.79787747,2066.67827123,2274.92300242,1850.89044597,2080.84557087
23,1060.54705124,1017.30616024,1020.75951856,975.763376782,1199.23430299,1213.78952091,1399.76228542,720.08998206,722.471716977,660.085810969,662.682855135,961.875343908,702.851309193,989.97978495,988.1685372,1004.43664959,1046.4795181,1061.84955467,778.692867263,1018.5726317,718.561607782,59.9957994272,0,84.8540883587,60.0059438316,240.006435467,305.942964856,384.186870272,4653.14209067,4619.44387711,4603.8044034,4569.73492903,4820.59273183,4745.19879225,4987.23567296,5256.43585428,5212.81851358,5215.59001077,5171.62822099,5381.13425571,5394.52092548,5595.68423899,5471.91790673,5443.29902702,5419.39551231,5390.50590309,5655.93942475,5539.98450261,5798.57993377,5993.10142823,5945.19923843,5957.3147519,5909.12175069,6093.28080213,6152.17767446,6329.27316163,886.117744517,927.513023765,931.413935403,970.881565796,776.508786137,799.514458541,547.336161863,1524.08288959,1470.14918356,1550.85296222,1497.89271999,1379.86816333,1767.2240461,1668.36454832,1670.22349044,1728.40185514,1656.31439394,1714.96633351,1801.24764921,1422.83985982,1525.73247695,2118.20135583,2162.62953863,2077.9205071,2123.19599764,2329.17728005,1904.99999134,2132.16741116
24,1060.62777946,1020.92216279,1017.31040334,975.851099247,1214.22177509,1198.93804572,1399.82243414,782.501081549,780.092081922,722.697343172,720.08791638,1020.08902705,780.628754892,1063.69201587,916.426102545,930.08180834,975.334800115,988.171769164,700.946016932,960.442253168,661.281421617,59.9964343579,84.8540883587,0,60.0025230107,305.95057022,240.001913944,384.190096724,4586.8402012,4552.57691233,4537.90115989,4503.25803066,4752.2802894,4681.57576756,4921.58083775,5198.89077828,5155.77194344,5157.52358408,5114.05601531,5326.1450492,5334.59325876,5538.23945769,5400.60648946,5371.544669,5348.33366286,5318.99439034,5583.27833535,5470.73673642,5728.02416576,5928.98850199,5881.42784603,5892.75502997,5844.89882397,6031.29992406,6086.34635979,6265.57304552,806.03900716,848.915240352,850.125314014,890.884303066,707.52759724,714.755093926,466.684217396,1460.75181704,1405.8531553,1485.52991146,1431.59119728,1325.28206235,1705.3635674,1617.15482984,1586.57999639,1644.88588108,1573.24005212,1632.02415695,1716.47870028,1339.19100745,1440.91335154,2040.58930998,2085.6838546,2001.07342351,2047.04283567,2249.6497487,1825.38650552,2050.02015328
25,1017.30673058,975.840878756,975.757620029,932.452731683,1164.26600698,1163.88764163,1356.71749696,722.699233635,720.089671262,662.931752346,660.085525814,960.086569586,725.651015946,1006.2935642,930.075451303,947.341683902,988.170573423,1004.43353092,723.691708685,958.566688276,658.555664535,84.8520341566,60.0059438316,60.0025230107,0,300.01237918,300.004436869,424.27038304,4646.51164883,4612.17756934,4597.61852901,4562.9090565,4811.6593945,4741.48389156,4981.32185237,5258.83046576,5215.68771738,5217.48409568,5173.99663547,5385.92648964,5394.59442977,5598.1756407,5459.32407949,5430.13985491,5407.11784522,5377.65846538,5641.5953056,5529.93491957,5786.9311608,5988.85961088,5941.32228622,5952.59225651,5904.762241,6091.2777056,6146.06198229,6325.47093286,860.909851891,904.897440453,903.757048948,945.756174791,767.065029806,760.31324769,521.544839133,1520.71245996,1465.76856359,1545.36932704,1491.34355341,1384.93262308,1765.35982844,1676.43486199,1621.78359481,1679.64055902,1606.64683929,1665.03172474,1757.47124023,1374.50835917,1485.14322846,2096.83125636,2142.3094557,2057.76437453,2104.09127686,2304.50120919,1880.2322091,2102.09564092
26,1247.43857821,1198.93878913,1213.79362508,1163.89744123,1356.72470799,1421.20921612,1582.99750926,758.586142491,779.544766575,701.880423824,724.481137922,1005.44895253,660.086602513,960.091100864,1222.37665626,1235.56572108,1281.26940181,1293.85324936,1004.432812,1258.57906698,958.568042885,247.398404156,240.006435467,305.95057022,300.01237918,0,424.274438667,300.001146141,4687.27182809,4656.14869505,4636.25202534,4604.77686234,4863.58378562,4767.60253899,5018.01589309,5253.7212499,5208.26071342,5214.93247734,5169.13082549,5368.65096721,5400.91386007,5592.16681334,5528.53463833,5502.18031265,5474.82327141,5448.21705761,5719.26622851,5586.46372923,5851.11223276,6016.0416585,5966.73437367,5982.20406105,5932.61486468,6107.20075825,6182.42089951,6350.14702278,1016.55252352,1047.88644855,1068.91066445,1098.75218649,856.329818024,977.659960968,694.162405029,1560.7468767,1511.56661508,1595.34040156,1547.26851719,1385.67043623,1794.84964828,1657.56882655,1870.69397237,1929.78898684,1861.08018913,1920.47200272,1984.85406632,1623.96648404,1699.61855037,2217.9100063,2258.07908913,2173.30109381,2214.28426599,2440.17902012,2018.92744232,2264.39722089
27,1247.7873446,1214.21543049,1199.23321073,1164.27055072,1421.82200433,1356.71930654,1583.26963006,1021.93645411,1020.0936987,962.047467549,960.089487413,1260.09075753,1006.29402981,1295.64295399,900.556455866,898.56333755,960.439022186,958.566074176,658.555240363,1004.40025977,723.647428764,247.390865489,305.942964856,240.001913944,300.004436869,424.274438667,0,300.005632944,4348.25206191,4314.29205039,4299.11774371,4264.7590229,4514.93461278,4441.97606585,4682.69037613,4959.1560866,4916.13898677,4917.70052414,4874.31762363,5087.08078543,5094.59717289,5298.51861957,5166.03630945,5137.4935366,5113.48493423,5084.65527787,5350.38759913,5234.1327837,5492.63851567,5689.53891981,5641.88031526,5653.44820241,5605.4820369,5791.40166746,5847.5492787,6026.00959434,596.519700452,632.403266564,646.885787808,680.117610308,470.566089424,560.416209432,270.070391834,1220.95791108,1166.28830747,1246.33595771,1192.83948019,1087.07732884,1465.39158324,1380.66972507,1461.99592832,1521.66248265,1456.75780084,1516.63069434,1564.81937564,1217.39603472,1276.92823937,1818.02944807,1861.30081174,1776.48846963,1820.75174637,2033.1566303,1609.68774106,1846.53468599
28,1441.57695346,1399.81768591,1399.76196295,1356.72293033,1583.27018331,1582.99288063,1780.98778337,1047.61835942,1062.89350852,989.28494546,1005.44655974,1294.98226265,960.087283033,1260.09200657,1200.06291469,1198.56897001,1259.99889995,1258.57170675,958.560872692,1293.82123528,1004.39489926,339.418348885,384.186870272,384.190096724,424.27038304,300.001146141,300.005632944,0,4391.78344564,4361.26964517,4340.41120935,4309.52653268,4570.23336465,4469.84772787,4721.7080543,4953.74113881,4908.26213052,4914.99655192,4869.1556809,5068.79046336,5101.29131476,5292.17293125,5239.12419726,5213.58069659,5185.02750533,5159.22402688,5432.22510668,5293.82299056,5560.21922761,5718.14657059,5668.63754262,5684.62099427,5634.81672527,5808.14973003,5885.75486466,6051.9094621,805.01239007,824.109894576,862.699107463,880.543906896,605.263155746,831.746219463,531.77644359,1270.47517403,1223.35130907,1307.78509956,1262.06320855,1088.02004398,1500.78945129,1357.70360156,1733.99254345,1793.97139363,1733.32979277,1793.33030849,1816.47635494,1493.32948259,1521.04824526,1956.43887118,1993.45710896,1909.12383642,1947.0468429,2185.74253392,1769.71352382,2029.37735509
29,5346.45852829,5344.15183599,5286.51314095,5284.19199847,5584.04024355,5302.57673753,5601.44490394,5369.09458473,5363.334152,5309.40443193,5303.57910056,5602.38830255,5339.40608653,5636.31916241,4400.72438834,4340.9930789,4406.78185337,4347.13654889,4324.69013568,4645.46778691,4624.46517275,4593.5624122,4653.14209067,4586.8402012,4646.51164883,4687.27182809,4348.25206191,4391.78344564,0,59.9996431212,60.0015524407,84.8613003331,247.394931954,247.393099487,339.417623824,960.808076581,962.726462489,900.811025525,902.857485376,1202.35033578,932.02527632,1224.39996562,960.817376307,962.739628593,900.814890535,902.869514212,1202.3665688,932.037525748,1224.41751701,1357.66605413,1315.9270011,1315.92433065,1272.81624781,1500.02342598,1500.02579635,1697.08535998,3831.84117998,3776.82968865,3808.46527013,3753.10514526,3879.55291955,4031.21726793,4149.19895854,3130.98828637,3183.59614726,3102.33583821,3155.41268544,3304.8084798,2892.70737225,3054.97685641,3739.80906486,3731.34964172,3799.15659525,3790.81991322,3493.62548041,3841.68019491,3548.74565975,2662.66724624,2605.05358,2679.87442954,2622.63697726,2547.66018595,2909.91216214,2842.52278216
30,5305.17976274,5303.36603927,5245.21461016,5243.3918884,5543.30867384,5259.34431988,5558.40439594,5334.59726784,5328.29110016,5274.96624331,5268.58863033,5567.14660477,5307.20493657,5603.70875131,4357.32899699,4297.54618356,4362.82572193,4303.1220931,4283.60825414,4601.73072936,4583.48389399,4559.94372175,4619.44387711,4552.57691233,4612.17756934,4656.14869505,4314.29205039,4361.26964517,59.9996431212,0,84.8541632102,60.0051705075,240.007074999,305.947453128,384.193075604,1020.80769996,1022.61333935,960.81064634,962.729392423,1262.27685426,990.134935866,1283.29700866,962.63903363,960.818003301,902.757536924,900.820593582,1200.82859539,949.209251819,1237.53907679,1400.73473775,1360.31792451,1357.66619202,1315.92629895,1548.44160737,1536.77513448,1740.02871827,3794.37638606,3739.66635851,3770.32487206,3715.25477462,3845.12220331,3992.01040165,4113.14970866,3098.43105945,3150.57041171,3068.93002517,3121.55349591,3275.0481343,2861.31239925,3028.02748171,3691.57863307,3682.55452696,3750.8390973,3741.94822876,3445.16548752,3795.66609143,3503.43481341,2619.62609332,2562.28922548,2637.74793204,2580.8117904,2501.24416298,2866.71734398,2795.29970004
31,5303.24515327,5300.47246879,5243.32246538,5240.52977012,5540.29606473,5261.32091864,5559.97034128,5320.27457733,5314.90731422,5260.54549284,5255.11716141,5554.0947349,5289.03132428,5586.19702108,4359.71254442,4300.04162749,4366.37000021,4306.79404633,4281.36812572,4604.79724911,4581.02114943,4544.17404133,4603.8044034,4537.90115989,4597.61852901,4636.25202534,4299.11774371,4340.41120935,60.0015524407,84.8541632102,0,60.0075447444,305.951169934,240.00522492,384.19498095,962.628988057,960.80402929,902.753087758,900.807393211,1200.81144497,949.197220743,1237.5212351,1020.81890969,1022.62846076,960.816421265,962.743402213,1262.29503943,990.148933124,1283.31628691,1400.73590067,1357.67003233,1360.31651961,1315.927608,1536.77373865,1548.44536749,1740.02980882,3785.3937677,3730.14536729,3762.57679816,3706.98225045,3830.79146566,3986.21595913,4101.60579199,3081.02953466,3133.94273734,3052.95270666,3106.3354087,3253.08510955,2842.03446438,3001.73298199,3704.66592663,3696.98866239,3764.12352224,3756.55805063,3458.83588373,3803.68668532,3509.96232988,2621.5636575,2563.67819823,2637.83026877,2580.30803264,2510.42311801,2868.90908914,2806.22049694
32,5261.61929739,5259.33990871,5201.67295195,5199.37900366,5499.23246232,5217.73845857,5516.59805067,5285.45111061,5279.53527,5225.77781712,5219.79427731,5518.53705547,5256.51428296,5553.28494205,4315.89657061,4256.16848004,4321.9946113,4262.35474202,4239.85842774,4560.66191598,4539.63963794,4510.17978562,4569.73492903,4503.25803066,4562.9090565,4604.77686234,4264.7590229,4309.52653268,84.8613003331,60.0051705075,60.0075447444,0,300.012244959,300.012769544,424.278924135,1022.52982529,1020.81155139,962.639734494,960.814912552,1260.81897455,1006.32435248,1295.83052435,1022.5377063,1020.82314801,962.642041795,960.825735693,1260.83374822,1006.33531129,1295.84689227,1442.52735445,1400.74690079,1400.74413946,1357.67754813,1584.07746949,1584.07944326,1781.9466603,3747.45686492,3692.50445169,3723.95860353,3668.64823161,3795.91096679,3946.55412793,4065.12684994,3047.93135739,3100.38073708,3018.99307796,3071.92785914,3222.84009694,2810.06617293,2974.29442144,3655.96337794,3647.72537888,3715.34191942,3707.22616701,3409.87296681,3757.19889938,3464.13586772,2577.82807491,2520.20364945,2595.01316881,2537.77717547,2463.297091,2825.07917763,2758.36750705
33,5482.49471576,5482.46943319,5422.49175988,5422.47802477,5722.47740495,5429.17741878,5728.82998744,5533.29306207,5525.49755266,5473.84682737,5465.96645752,5763.70097463,5511.80825891,5807.19575255,4527.1871257,4467.2514743,4530.38471706,4470.49494043,4462.35470068,4769.98508097,4762.35230172,4761.33026886,4820.59273183,4752.2802894,4811.6593945,4863.58378562,4514.93461278,4570.23336465,247.394931954,240.007074999,305.951169934,300.012244959,0,424.28123561,300.008886833,1048.83396512,1064.21029017,990.535192094,1006.8029139,1296.20675951,960.813814896,1260.81436364,723.237455071,720.811031929,663.454392767,660.813637814,960.82158099,725.396487739,1006.32917305,1248.54086864,1214.93253823,1200.02186004,1165.01364228,1422.41803018,1357.66949838,1584.07511741,3985.53426542,3931.78393041,3959.42310323,3905.30783076,4044.85164475,4177.47683212,4308.21490404,3303.5809743,3354.52477492,3272.03215824,3323.45109915,3486.36203964,3069.44422571,3245.13143102,3840.0810563,3828.07631448,3898.79906216,3886.96610715,3592.85970136,3954.86538007,3666.20789595,2793.42704263,2737.28878286,2814.96333668,2759.26101268,2661.12843183,3039.38397988,2950.58244204
34,5473.1332246,5468.46503197,5413.33925908,5408.63103928,5707.87619214,5438.75008456,5736.4282561,5463.91232908,5460.67129917,5404.01578152,5400.73875831,5700.39696493,5423.76281505,5722.21850331,4538.65178542,4479.24753644,4547.43112305,4488.14562128,4451.597448,4784.76442882,4750.49437208,4685.34430395,4745.19879225,4681.57576756,4741.48389156,4767.60253899,4441.97606585,4469.84772787,247.393099487,305.947453128,240.00522492,300.012769544,424.28123561,0,300.011385081,723.228849041,720.798913112,663.451398827,660.802294761,960.806284907,725.384930538,1006.31173353,1048.83920724,1064.21950045,990.535724944,1006.80969856,1296.21871332,960.82378201,1260.82823704,1248.54053277,1200.02451472,1214.92979818,1165.01408868,1357.66735696,1422.41996498,1584.07451097,3942.59868262,3886.30360521,3922.40191923,3865.80625068,3976.2852285,4149.72321325,4252.83380269,3221.18081804,3275.72466419,3196.42892622,3251.37897238,3381.98881321,2978.54995943,3120.59947902,3902.59625315,3897.02537462,3962.30309251,3956.80649055,3657.94899389,3993.21483172,3697.29949092,2802.50586174,2743.78876233,2815.35401255,2756.90919628,2704.00547339,3049.71177798,3001.97249132
35,5685.79465021,5683.38699471,5625.85287203,5623.43125895,5923.25942177,5641.90902011,5940.80872218,5704.00237686,5698.81810549,5644.25360471,5639.01434312,5938.05422143,5671.530567,5968.94459351,4740.01985542,4680.27698099,4745.9294072,4686.26465565,4664.00037298,4984.68228846,4963.75220097,4927.57211785,4987.23567296,4921.58083775,4981.32185237,5018.01589309,4682.69037613,4721.7080543,339.417623824,384.193075604,384.19498095,424.278924135,300.008886833,300.011385081,0,759.967786284,781.053079819,703.319007544,726.052023078,1006.79867889,660.805080264,960.805557089,759.968782313,781.057702907,703.315549147,726.05342877,1006.80637726,660.812543866,960.816927418,1018.24843032,976.747253248,976.744357806,933.398624,1165.00699892,1165.00839458,1357.66773617,4169.54543324,4114.32451849,4146.61001807,4091.073457,4214.58233521,4369.91971309,4485.75831775,3464.06522251,3517.21874135,3436.42449416,3489.99016934,3633.98550653,3224.40038544,3379.72993871,4075.58373128,4066.33070626,4134.81375913,4125.6838973,3829.09528227,4179.73112459,3887.26637,3002.00869741,2944.43215825,3019.29190986,2962.04951029,2885.37650727,3249.23112201,3179.49083904
36,6049.80608716,6040.58383911,5990.56748627,5981.26516046,6278.02810333,6033.598053,6327.91121174,5976.11294513,5978.20507333,5916.13551391,5918.24883624,6218.01925407,5913.78208717,6213.77136831,5140.8574956,5082.36231914,5154.47434945,5096.13759666,5034.06604385,5388.19943112,5329.5260494,5196.47567102,5256.43585428,5198.89077828,5258.83046576,5253.7212499,4959.1560866,4953.74113881,960.808076581,1020.80769996,962.628988057,1022.52982529,1048.83396512,723.228849041,759.967786284,0,60.0006768476,59.9970724014,84.8527317254,247.390531845,247.394831903,339.414952659,1359.92814167,1402.99803935,1318.1837428,1362.57147647,1577.21336476,1154.83141182,1401.6471108,960.821628908,900.823997484,962.744143545,902.873956194,932.039389304,1202.36683134,1224.42087775,4498.25855599,4440.01100069,4484.34567044,4425.90767953,4503.96629322,4718.46887092,4791.76460133,3745.32187684,3802.85691295,3728.60070693,3786.3803088,3877.33481536,3498.20282232,3596.45255557,4550.05327749,4549.00056317,4610.04244608,4608.99354513,4309.00817794,4622.00651914,4322.92248154,3421.75672253,3361.96936242,3427.34990941,3367.66121344,3349.86280358,3666.18037212,3649.8379882
37,6011.65624607,6001.98049531,5952.49318375,5942.73233098,6239.156846,5997.37846786,6291.23275313,5932.29662689,5934.80365427,5872.33305749,5874.8656679,6174.54841232,5868.34627165,6168.34915265,5105.80095911,5047.43631827,5119.97415776,5061.77501565,4996.9050909,5353.18108926,5291.88006673,5152.8765772,5212.81851358,5155.77194344,5215.68771738,5208.26071342,4916.13898677,4908.26213052,962.726462489,1022.61333935,960.80402929,1020.81155139,1064.21029017,720.798913112,781.053079819,60.0006768476,0,84.8496875606,59.9966577081,240.007482655,305.949697951,384.194268823,1402.99464444,1444.78115822,1359.92551975,1402.99335453,1623.3892629,1202.2590418,1453.41211899,1020.82228369,960.824649669,1022.63188552,962.746722906,990.150846797,1262.29423708,1283.3195268,4458.76718203,4400.37676008,4445.44798877,4386.87287523,4462.04236003,4680.08838088,4750.62116127,3703.67005296,3761.39781558,3687.62471589,3745.59022784,3833.35497456,3456.43005195,3551.34786267,4521.22018539,4520.866087,4581.22203993,4580.86268326,4280.85840783,4590.48365493,4291.15028059,3389.88137782,3330.02367348,3394.58787339,3334.81410555,3321.64255448,3633.73161172,3621.64738656
38,6003.76578352,5994.92467413,5944.4671744,5935.54902776,6232.58693814,5986.01910342,6280.67455654,5935.43695369,5937.08711482,5875.44782165,5877.11481488,6176.96252145,5874.92290462,6174.88039613,5092.45407397,5033.86735852,5105.66937782,5047.23822195,4987.27448909,5339.75477794,5283.10769483,5155.61451765,5215.59001077,5157.52358408,5217.48409568,5214.93247734,4917.70052414,4914.99655192,900.811025525,960.81064634,902.753087758,962.639734494,990.535192094,663.451398827,703.319007544,59.9970724014,84.8496875606,0,60.0010558712,305.942733409,240.007243523,384.187588085,1318.18609626,1359.93147083,1275.07583235,1318.18512133,1539.0295167,1118.32236188,1371.72289364,962.642254869,902.765869321,960.821761134,900.823994844,949.209502187,1200.82779315,1237.5407598,4453.46416603,4395.34834059,4439.03432626,4380.71980265,4461.44299166,4672.69857301,4748.46138319,3702.61349029,3759.9539685,3685.24495988,3742.84203907,3837.00795417,3455.64721503,3557.4231836,4497.69883715,4496.26210065,4557.67746012,4556.2497548,4256.29245039,4571.24139807,4272.33497332,3371.31808575,3311.58302608,3377.48976894,3317.86513233,3297.26447914,3616.08655245,3597.19418145
39,5965.32160905,5956.02549668,5906.09578921,5896.71756321,6193.43057913,5949.50999549,6243.7187306,5891.31814442,5893.38292524,5831.33977202,5833.42577355,6133.20071546,5829.18421116,6129.16997591,5057.06214637,4998.60266889,5070.83729111,5012.54057897,4949.76237086,5304.41676604,5245.12867164,5111.66694989,5171.62822099,5114.05601531,5173.99663547,5169.13082549,4874.31762363,4869.1556809,902.857485376,962.729392423,900.807393211,960.814912552,1006.8029139,660.802294761,726.052023078,84.8527317254,59.9966577081,60.0010558712,0,300.004140359,300.008299287,424.267684377,1362.57322331,1402.9984086,1318.18403682,1359.92761771,1586.31792797,1167.23504793,1424.57629733,1022.53656579,962.645982438,1020.8227951,960.825026146,1006.33031153,1260.82883437,1295.84359484,4413.57209304,4355.30776777,4399.73616679,4341.27880478,4419.11571912,4633.93910964,4706.93951148,3660.47579633,3718.01656692,3643.78152311,3701.57229091,3792.56053312,3413.35375566,3511.81726689,4468.52815216,4467.79575118,4528.52401541,4527.79142834,4227.79191841,4539.3661994,4240.18391208,3338.96145198,3279.14669431,3344.23948896,3284.52025036,3268.5903671,3583.18435799,3568.58796051
40,6199.35692831,6188.22338339,6140.45792399,6129.22849625,6424.42894652,6190.98458434,6483.37778515,6099.37676908,6103.59099512,6039.50164779,6043.75763116,6342.93656823,6028.43890341,6328.34557209,5303.08408531,5245.10670003,5318.76950438,5260.96691537,5188.14973803,5550.45882514,5481.48420593,5321.30647196,5381.13425571,5326.1450492,5385.92648964,5368.65096721,5087.08078543,5068.79046336,1202.35033578,1262.27685426,1200.81144497,1260.81897455,1296.20675951,960.806284907,1006.79867889,247.390531845,240.007482655,305.942733409,300.004140359,0,424.274427724,300.006696669,1577.20716145,1623.38629538,1539.02130412,1586.30951035,1784.20344994,1359.92995349,1586.31259521,1048.83851021,990.538702118,1064.21863931,1006.80975089,960.820866657,1296.2148637,1260.8277857,4642.92044063,4584.09353503,4631.5750418,4572.59452572,4637.5564932,4867.72439122,4928.79862135,3880.93504178,3939.3033613,3867.35511932,3925.91569069,4001.38963333,3633.55598019,3714.97415566,4733.74753238,4734.82180022,4793.75025593,4794.80116624,4494.88799108,4797.03025763,4497.26401287,3596.38121936,3536.41162428,3598.96036234,3539.03414505,3536.09229054,3838.66235723,3835.95035478
41,6160.97805609,6153.90382975,6101.43108886,6094.29915471,6392.43680915,6135.74130261,6431.96234955,6114.60901581,6114.66011504,6054.60523445,6054.65681916,6354.65360322,6060.35900807,6360.09010163,5238.49438073,5179.46719755,5249.53570056,5190.63642907,5141.57980301,5485.3843976,5438.98237946,5334.52568418,5394.52092548,5334.59325876,5394.59442977,5400.91386007,5094.59717289,5101.29131476,932.02527632,990.134935866,949.197220743,1006.32435248,960.813814896,725.384930538,660.805080264,247.394831903,305.949697951,240.007243523,300.008299287,424.274427724,0,300.000626868,1154.82426785,1202.25508599,1118.31344318,1167.22548573,1359.92902222,935.655525765,1167.22899673,723.240288635,663.462403494,720.814623645,660.816874557,725.395566945,960.820612867,1006.3297057,4617.37554247,4559.88264013,4600.68801141,4542.97695512,4634.64726351,4832.07012925,4918.355822,3875.86596545,3932.38030179,3855.97090473,3912.76323267,4018.8341396,3629.8062975,3743.9021572,4620.32366026,4616.16287005,4680.15924419,4676.04186094,4376.65694057,4704.22713196,4406.75562411,3508.01917661,3448.71348949,3517.57879073,3458.43599111,3420.08108618,3754.39595171,3719.09444179
42,6387.84518871,6378.89901036,6328.55978258,6319.54095336,6616.48720491,6370.15643856,6664.85200544,6315.31190909,6317.50603201,6255.33813513,6257.55328212,6557.30641571,6252.24704697,6552.2463217,5476.36776981,5417.74434944,5489.39891047,5430.91833017,5371.4571153,5723.64860562,5667.25506966,5535.7282199,5595.68423899,5538.23945769,5598.1756407,5592.16681334,5298.51861957,5292.17293125,1224.39996562,1283.29700866,1237.5212351,1295.83052435,1260.81436364,1006.31173353,960.805557089,339.414952659,384.194268823,384.187588085,424.267684377,300.006696669,300.000626868,0,1401.63771139,1453.40563601,1371.71233413,1424.56379322,1586.30930732,1167.22625121,1359.92225976,759.971709632,703.321472481,781.060001228,726.056997492,660.81431343,1006.8065918,960.821163123,4837.06641246,4778.88071845,4822.87281235,4764.50648742,4843.37333797,5056.69970589,5131.07800647,4084.7129301,4142.22731774,4067.89533047,4125.63464313,4216.46772513,3837.6046929,3935.09171083,4877.29164237,4875.06506709,4937.24245219,4935.0330483,4635.17880274,4953.31884031,4654.640938,3753.85973199,3694.18453462,3760.57290202,3701.00519378,3676.57323376,3998.94682799,3976.34589211
43,6076.92674569,6081.14838113,6017.05318924,6021.32878361,6320.50163779,6005.91350132,6305.82182293,6177.3508947,6166.18528226,6118.46034581,6107.18696923,6402.346873,6169.20334945,6461.53361701,5108.36562325,5048.41913741,5106.14718197,5046.17776493,5064.51344527,5346.04556964,5363.35170957,5413.34149003,5471.91790673,5400.60648946,5459.32407949,5528.53463833,5166.03630945,5239.12419726,960.817376307,962.63903363,1020.81890969,1022.5377063,723.237455071,1048.83920724,759.968782313,1359.92814167,1402.99464444,1318.18609626,1362.57322331,1577.20716145,1154.82426785,1401.63771139,0,60.0023189804,60.0025093077,84.84783673,247.397228731,247.390209419,339.421985292,960.812818331,962.736498278,900.812098833,902.862442061,1202.35585842,932.029550462,1224.41185035,4617.95480325,4566.56292193,4587.45490051,4535.71263807,4695.599114,4796.33520643,4947.80785737,3968.72838586,4017.01942864,3933.19731421,3981.91120462,4163.12101715,3741.59409048,3933.88882718,4376.25867131,4357.3242171,4433.11435504,4414.41457158,4129.76218979,4515.09484563,4237.20938109,3397.8906327,3344.95532908,3426.33335572,3373.84137299,3237.95008782,3638.59850457,3512.96326986
44,6040.64854608,6045.34375278,5980.80822455,5985.56236702,6284.55160695,5967.78528924,6267.6266768,6147.39797591,6135.73629762,6088.60715208,6076.83255229,6371.53809101,6141.36178836,6433.11446692,5071.03780892,5011.11788962,5068.26844223,5008.31885422,5029.48674663,5308.09206218,5328.06464391,5384.85149797,5443.29902702,5371.544669,5430.13985491,5502.18031265,5137.4935366,5213.58069659,962.739628593,960.818003301,1022.62846076,1020.82314801,720.811031929,1064.21950045,781.057702907,1402.99803935,1444.78115822,1359.93147083,1402.9984086,1623.38629538,1202.25508599,1453.40563601,60.0023189804,0,84.8556384834,59.9974269313,240.010660936,305.947592384,384.199660491,1020.81511826,1022.62611272,960.814396266,962.737092633,1262.28508881,990.141620671,1283.31139166,4586.92493057,4535.88443071,4555.85037058,4504.45306353,4667.20199659,4763.43919952,4917.62538312,3943.10588871,3990.9079166,3906.91392424,3955.1453901,4139.54708604,3717.3877244,3913.00928567,4335.12458204,4315.62232288,4391.78664724,4372.5279528,4088.85888571,4476.01839317,4199.34389574,3364.28214632,3311.77262613,3393.49926751,3341.44586397,3201.57144263,3604.1597408,3474.87601573
45,6029.38660614,6033.24863677,5969.4901323,5973.40285821,6272.7018818,5959.85304568,6259.80401816,6125.55992326,6114.68745939,6066.61323149,6055.63483852,6351.05765524,6116.23585857,6408.86846254,5061.69885006,5001.73477027,5059.92857451,4999.94665328,5016.08841783,5299.8741878,5315.10067901,5360.75059118,5419.39551231,5348.33366286,5407.11784522,5474.82327141,5113.48493423,5185.02750533,900.814890535,902.757536924,960.816421265,962.642041795,663.454392767,990.535724944,703.315549147,1318.1837428,1359.92551975,1275.07583235,1318.18403682,1539.02130412,1118.31344318,1371.71233413,60.0025093077,84.8556384834,0,59.9947015947,305.954365411,240.006018205,384.200868319,962.63621202,960.81671025,902.756679467,900.815041308,1200.81931982,949.203984405,1237.53551593,4566.87932775,4515.27632039,4536.7389141,4484.78423731,4642.99094116,4746.44249412,4896.20268076,3914.73436125,3963.26156497,3879.53069888,3928.48466566,4108.17049458,3686.95215382,3877.8453546,4332.97792114,4314.59259435,4390.01339141,4371.85868942,4086.28724578,4469.93141542,4191.04572542,3348.60348048,3295.38367396,3376.51702559,3323.74128263,3190.71436486,3589.86544351,3467.06400345
46,5992.82929272,5997.16667962,5932.96327444,5937.3563805,6236.48496378,5921.43703703,6221.33514066,6095.36072361,6083.98900152,6036.51184609,6025.02895377,6320.00713708,6088.16012436,6380.22282599,5024.03305602,4964.09147261,5021.70998809,4961.74377128,4980.72977459,5261.59641415,5279.4997298,5331.98770257,5390.50590309,5318.99439034,5377.65846538,5448.21705761,5084.65527787,5159.22402688,902.869514212,900.820593582,962.743402213,960.825735693,660.813637814,1006.80969856,726.05342877,1362.57147647,1402.99335453,1318.18512133,1359.92761771,1586.30951035,1167.22548573,1424.56379322,84.84783673,59.9974269313,59.9947015947,0,300.008087559,300.000719482,424.269822019,1022.52367031,1020.81139674,962.629912763,960.809725559,1260.81401215,1006.31603898,1295.83013988,4535.50833823,4484.2552496,4504.78693525,4453.17550194,4614.27816953,4713.20671503,4865.70834298,3888.76398094,3936.80141301,3852.8891443,3901.36028741,4084.28708274,3662.39238539,3856.66983067,4291.43794189,4272.48260392,4348.28500678,4329.56935803,4044.95327185,4430.46547963,4152.76810581,3314.50376908,3261.70516706,3343.2021643,3290.86103413,3153.79959582,3554.96316529,3428.47567569
47,6234.06498946,6240.13426512,6174.3438455,6180.4837985,6478.84131519,6155.5700669,6455.08328113,6356.98146169,6344.21035462,6298.42627051,6285.53608398,6579.12894511,6355.40985104,6645.91918309,5261.7327152,5201.92592642,5257.25997596,5197.40530837,5226.88650572,5496.72428157,5524.6039757,5597.7761341,5655.93942475,5583.27833535,5641.5953056,5719.26622851,5350.38759913,5432.22510668,1202.3665688,1200.82859539,1262.29503943,1260.83374822,960.82158099,1296.21871332,1006.80637726,1577.21336476,1623.3892629,1539.0295167,1586.31792797,1784.20344994,1359.92902222,1586.30930732,247.397228731,240.010660936,305.954365411,300.008087559,0,424.273496453,300.008125147,1048.83139693,1064.21243733,990.529042464,1006.80008269,1296.20530459,960.810004537,1260.81835272,4794.61727722,4744.4019642,4762.21983345,4711.65478571,4880.56511671,4966.56895536,5127.08905651,4162.05755434,4208.9614664,4124.69469753,4172.01082172,4361.86857121,3938.85930467,4139.42390563,4513.65315671,4492.08710961,4569.56468152,4548.25472884,4268.43386434,4661.53518365,4388.94043882,3566.57447561,3515.18503372,3597.69466325,3546.75291077,3396.57278347,3804.0799588,3664.4605062
48,6179.31768666,6181.33295692,6119.33895594,6121.38587449,6421.17189815,6117.02838958,6417.02206979,6250.69543767,6241.77748837,6191.40822246,6182.40467253,6479.36614901,6233.0879855,6527.7469376,5216.58266731,5156.58059143,5216.94282372,5156.94816487,5162.11430099,5456.93638014,5461.81426843,5480.89989684,5539.98450261,5470.73673642,5529.93491957,5586.46372923,5234.1327837,5293.82299056,932.037525748,949.209251819,990.148933124,1006.33531129,725.396487739,960.82378201,660.812543866,1154.83141182,1202.2590418,1118.32236188,1167.23504793,1359.92995349,935.655525765,1167.22625121,247.390209419,305.947592384,240.006018205,300.000719482,424.273496453,0,300.004537117,723.234775854,720.81080669,663.453663977,660.809155718,960.8133719,725.388125117,1006.32312175,4697.97149702,4645.07933223,4670.10951556,4616.89289264,4763.70856583,4884.53412929,5023.53480122,4025.92505611,4076.25836898,3993.37700773,4044.10702683,4210.94032631,3793.13564243,3970.52771705,4503.33944993,4487.14282888,4561.04139716,4545.04103628,4256.10697227,4632.24386742,4349.10494989,3492.02546246,3437.31543485,3516.90078304,3462.5812044,3345.1053116,3735.89248396,3627.27868468
49,6413.5442622,6417.33302921,6353.64440845,6357.48083554,6656.80916866,6343.94874554,6643.89087082,6506.07344222,6495.68143034,6447.03350054,6436.54607818,6732.35786274,6494.37677343,6787.67140107,5445.88614689,5385.9233664,5444.05389462,5384.07410141,5400.01033633,5683.99119008,5699.08433322,5739.79723299,5798.57993377,5728.02416576,5786.9311608,5851.11223276,5492.63851567,5560.21922761,1224.41751701,1237.53907679,1283.31628691,1295.84689227,1006.32917305,1260.82823704,960.816927418,1401.6471108,1453.41211899,1371.72289364,1424.57629733,1586.31259521,1167.22899673,1359.92225976,339.421985292,384.199660491,384.200868319,424.269822019,300.008125147,300.004537117,0,759.964527012,781.053708463,703.312154333,726.04764249,1006.79663868,660.802026353,960.810304088,4948.58181676,4896.69001769,4918.89855039,4866.68530036,5022.07877727,5129.44181354,5277.10455385,4290.4905948,4339.68124875,4256.220331,4305.79428545,4480.68203737,4060.71056252,4245.7051385,4715.5819048,4696.72352241,4772.46889817,4753.82697863,4469.04318223,4853.71897298,4575.15517471,3732.12644838,3678.71577797,3759.65480432,3706.63794067,3574.91183674,3973.68383072,3851.10234316
50,6703.84788433,6701.19860164,6643.91517308,6641.25366163,6941.02861322,6659.95382029,6958.92739196,6711.43911824,6707.63933053,6651.57439479,6647.74034617,6947.23391371,6672.30333131,6970.7447205,5757.98845077,5698.22006156,5763.55876716,5703.85155906,5682.00338649,6002.4594562,5981.697503,5933.2791667,5993.10142823,5928.98850199,5988.85961088,6016.0416585,5689.53891981,5718.14657059,1357.66605413,1400.73473775,1400.73590067,1442.52735445,1248.54086864,1248.54053277,1018.24843032,960.821628908,1020.82228369,962.642254869,1022.53656579,1048.83851021,723.240288635,759.971709632,960.812818331,1020.81511826,962.63621202,1022.52367031,1048.83139693,723.234775854,759.964527012,0,59.9976512789,60.0007405014,84.8498063483,247.391649204,247.394132234,339.419305852,5183.99584614,5128.3266791,5162.04163238,5106.12690029,5223.06574004,5386.56227802,5497.53994697,4469.01855366,4523.25719184,4443.53350653,4498.07042439,4630.39067463,4226.8385052,4367.38365643,5085.80724325,5074.80960143,5144.74358124,5133.86256328,4838.80640668,5194.94974688,4903.56875348,4020.10594508,3962.60370275,4037.5400617,3980.28783438,3900.29441339,4267.27791629,4192.76323874
51,6660.79697095,6657.77454323,6600.88381174,6597.84559747,6897.54339101,6618.45986708,6917.26871286,6663.81357862,6660.34257549,6603.9273433,6600.42480658,6900.00912605,6623.37363533,6921.96788747,5716.64154218,5656.91520735,5722.66645719,5663.00644042,5638.89812453,5961.38819959,5938.48679501,5885.35035927,5945.19923843,5881.42784603,5941.32228622,5966.73437367,5641.88031526,5668.63754262,1315.9270011,1360.31792451,1357.67003233,1400.74690079,1214.93253823,1200.02451472,976.747253248,900.823997484,960.824649669,902.765869321,962.645982438,990.538702118,663.462403494,703.321472481,962.736498278,1022.62611272,960.81671025,1020.81139674,1064.21243733,720.81080669,781.053708463,59.9976512789,0,84.8543141091,60.0016898006,240.002672695,305.947097829,384.192074907,5138.56499491,5082.72704532,5117.03899443,5060.95727138,5175.83685236,5342.19969647,5451.15625781,4421.15540266,4475.60069642,4396.11819662,4450.86070309,4581.06494539,4178.56419127,4316.98852134,5048.62826171,5038.18235243,5107.66641392,5097.33184098,4801.77117492,5155.76031741,4863.74960438,3978.55231496,3920.86687109,3995.36972059,3937.92884118,3861.18818651,4225.81836731,4154.39877503
52,6662.33379765,6660.07485356,6602.38332491,6600.11556284,6899.95984027,6616.88509239,6916.0064946,6675.25060646,6671.02408032,6615.41681352,6611.15198958,6910.51589013,6637.89150805,6936.10447032,5714.82041857,5655.01500442,5719.95909159,5660.21081953,5640.59560116,5959.01625772,5940.38323564,5897.53140365,5957.3147519,5892.75502997,5952.59225651,5982.20406105,5653.44820241,5684.62099427,1315.92433065,1357.66619202,1360.31651961,1400.74413946,1200.02186004,1214.92979818,976.744357806,962.744143545,1022.63188552,960.821761134,1020.8227951,1064.21863931,720.814623645,781.060001228,900.812098833,960.814396266,902.756679467,962.629912763,990.529042464,663.453663977,703.312154333,60.0007405014,84.8543141091,0,59.9977871473,305.947447656,240.006097289,384.195250867,5145.18225549,5089.71499468,5122.73537497,5067.01625772,5186.44894365,5346.52123933,5459.84402628,4433.29640029,4487.25615809,4407.2254799,4461.4915747,4596.68385926,4191.69645762,4335.30974335,5039.02918644,5027.59672719,5097.88077876,5086.57098364,4791.92993732,5149.84240956,4859.03756834,3977.27244709,3919.9554046,3995.31193367,3938.2555243,3855.22321087,4224.32724559,4147.02635073
53,6619.01208627,6616.38011566,6559.07870515,6556.43435641,6856.21336304,6575.11853673,6874.08690071,6627.36429823,6623.46514668,6567.50672933,6563.57197482,6863.03772692,6588.70557377,6887.08161418,5673.15808399,5613.39142477,5678.75200719,5619.04765749,5597.17066067,5917.64267132,5896.86900321,5849.30897468,5909.12175069,5844.89882397,5904.762241,5932.61486468,5605.4820369,5634.81672527,1272.81624781,1315.92629895,1315.927608,1357.67754813,1165.01364228,1165.01408868,933.398624,902.873956194,962.746722906,900.823994844,960.825026146,1006.80975089,660.816874557,726.056997492,902.862442061,962.737092633,900.815041308,960.809725559,1006.80008269,660.809155718,726.04764249,84.8498063483,60.0016898006,59.9977871473,0,300.004362495,300.003884429,424.269112183,5099.40486022,5043.76553154,5077.38359311,5021.49406242,5138.88280825,5301.8228492,5413.13659552,4385.04262882,4439.21246531,4359.41454663,4413.88989462,4546.99179718,4143.01196739,4284.53669275,5001.50161668,4990.6221064,5060.45939374,5049.69727544,4754.52870063,5110.30622733,4818.8496182,3935.26571864,3877.75873967,3952.69027181,3895.4386762,3815.65421724,4182.44112759,4108.23392915
54,6830.64925899,6826.11443558,6770.83848126,6766.27514177,7065.53952115,6794.35724246,7092.44093917,6812.9438847,6811.14021089,6752.97571126,6751.1559874,7051.06079907,6765.58988465,7064.88519095,5893.47406554,5833.93263165,5901.15527395,5841.69476816,5809.00673054,6139.11559554,6108.01491347,6033.32935024,6093.28080213,6031.29992406,6091.2777056,6107.20075825,5791.40166746,5808.14973003,1500.02342598,1548.44160737,1536.77373865,1584.07746949,1422.41803018,1357.66735696,1165.00699892,932.039389304,990.150846797,949.209502187,1006.33031153,960.820866657,725.395566945,660.81431343,1202.35585842,1262.28508881,1200.81931982,1260.81401215,1296.20530459,960.8133719,1006.79663868,247.391649204,240.002672695,305.947447656,300.004362495,0,424.275763507,300.006997759,5299.10484972,5242.54417373,5279.50038534,5222.72084259,5327.84685199,5507.28289683,5607.07696746,4570.63080849,4626.07439116,4547.88751648,4603.59579262,4722.5236226,4326.174758,4452.51833633,5239.76503449,5230.97939302,5299.08087945,5290.38402826,4993.47928206,5340.44743939,5046.4870942,4155.85256103,4097.5501364,4170.35223885,4112.25383142,4047.09584347,4403.22960834,4342.43964033
55,6838.15458199,6837.34061381,6778.160241,6777.35083886,7077.34227681,6786.6991646,7086.29901128,6868.71294938,6863.22393964,6808.98761203,6803.45036279,7102.33780644,6836.37695189,7133.88799085,5884.65174741,5824.72946712,5888.03163126,5828.14709009,5817.25642503,6127.60599562,6117.24393801,6092.52771965,6152.17767446,6086.34635979,6146.06198229,6182.42089951,5847.5492787,5885.75486466,1500.02579635,1536.77513448,1548.44536749,1584.07944326,1357.66949838,1422.41996498,1165.00839458,1202.36683134,1262.29423708,1200.82779315,1260.82883437,1296.2148637,960.820612867,1006.8065918,932.029550462,990.141620671,949.203984405,1006.31603898,960.810004537,725.388125117,660.802026353,247.394132234,305.947097829,240.006097289,300.003884429,424.275763507,0,300.008426858,5331.12833763,5276.34876324,5307.06486665,5252.02842047,5379.21445762,5528.22713819,5649.19906919,4629.07331777,4682.20476977,4601.34006346,4654.77922161,4797.82366779,4389.25132791,4540.66788799,5193.37374906,5179.82004865,5251.76877014,5238.35664585,4945.99963561,5311.83592103,5023.75488203,4149.73786004,4093.20266397,4170.09063178,4113.83298919,4018.57732507,4396.08502038,4307.07582521
56,7043.21465913,7040.50036199,6983.28449052,6980.55856218,7280.3179452,6999.31842002,7298.31149472,7047.94503305,7044.51901574,6988.05500757,6984.59957539,7284.1911817,7007.01640249,7305.69190192,6097.33525187,6037.56047555,6102.81761894,6043.09988994,6021.35932238,6341.75530497,6321.03745717,6269.41771833,6329.27316163,6265.57304552,6325.47093286,6350.14702278,6026.00959434,6051.9094621,1697.08535998,1740.02871827,1740.02980882,1781.9466603,1584.07511741,1584.07451097,1357.66773617,1224.42087775,1283.3195268,1237.5407598,1295.84359484,1260.8277857,1006.3297057,960.821163123,1224.41185035,1283.31139166,1237.53551593,1295.83013988,1260.81835272,1006.32312175,960.810304088,339.419305852,384.192074907,384.195250867,424.269112183,300.006997759,300.008426858,0,5522.45978047,5466.68132756,5500.75339898,5444.74632972,5560.02103859,5725.57310537,5835.30356322,4805.25019497,4859.73678258,4780.28853443,4835.04734691,4964.49901369,4562.5439277,4699.50744792,5423.21865955,5411.78552514,5482.07399153,5470.75424232,5176.1233159,5533.60655702,5242.5072243,4359.49055434,4302.00547114,4376.95930373,4319.70482897,4238.95856415,4606.64982218,4531.01970144
57,1559.69712418,1546.10156798,1501.58952644,1487.47410666,1781.56159143,1579.72349739,1859.27860505,1563.89615514,1549.70020071,1505.94971648,1491.20196037,1784.67492579,1586.42604142,1864.97620766,787.534734674,746.696640984,831.389074455,792.811847765,587.886061399,1006.90230055,854.930817348,832.911076185,886.117744517,806.03900716,860.909851891,1016.55252352,596.519700452,805.01239007,3831.84117998,3794.37638606,3785.3937677,3747.45686492,3985.53426542,3942.59868262,4169.54543324,4498.25855599,4458.76718203,4453.46416603,4413.57209304,4642.92044063,4617.37554247,4837.06641246,4617.95480325,4586.92493057,4566.87932775,4535.50833823,4794.61727722,4697.97149702,4948.58181676,5183.99584614,5138.56499491,5145.18225549,5099.40486022,5299.10484972,5331.12833763,5522.45978047,0,59.997938308,60.0033729527,84.8539942489,247.394721057,247.390145354,339.42092294,780.013379656,720.006731187,782.31178955,722.506871547,758.959163375,1021.77960146,1047.87411534,978.316668938,1037.35410774,991.117388746,1049.43242302,1023.38010185,760.478952176,724.10359564,1237.84531476,1284.90189596,1200.82025379,1249.27620786,1443.65765016,1019.38452216,1250.04256211
58,1619.26643035,1605.36610546,1561.22531522,1546.8146016,1840.5414861,1639.68526765,1919.2534971,1612.87807844,1599.92900832,1554.5975435,1541.1586188,1835.79038478,1629.49306879,1910.55279965,842.563069153,800.338915785,885.159267811,845.065008177,646.690438452,1064.43055172,914.921076748,872.984751676,927.513023765,848.915240352,904.897440453,1047.88644855,632.403266564,824.109894576,3776.82968865,3739.66635851,3730.14536729,3692.50445169,3931.78393041,3886.30360521,4114.32451849,4440.01100069,4400.37676008,4395.34834059,4355.30776777,4584.09353503,4559.88264013,4778.88071845,4566.56292193,4535.88443071,4515.27632039,4484.2552496,4744.4019642,4645.07933223,4896.69001769,5128.3266791,5082.72704532,5089.71499468,5043.76553154,5242.54417373,5276.34876324,5466.68132756,59.997938308,0,84.85583773,59.9979202854,240.009656775,305.942712826,384.196031557,720.015441381,660.008792903,722.505088603,662.734785249,702.297020556,961.891537696,989.566968057,991.110106534,1049.42820102,1007.3281301,1064.75525838,1021.61778482,781.489131692,721.611803786,1191.95467852,1237.84784328,1153.45748767,1200.82696138,1401.94200687,977.976761973,1216.51130353
59,1568.12064149,1556.75704342,1509.47695067,1497.67980533,1793.71500422,1578.73748216,1861.93153928,1599.82033801,1583.82730654,1542.38172369,1525.78647611,1817.24822109,1629.31540983,1905.00461738,764.758889574,720.835266895,805.69006513,764.121960297,578.378643605,991.04472274,856.039722653,879.471709285,931.413935403,850.125314014,903.757048948,1068.91066445,646.885787808,862.699107463,3808.46527013,3770.32487206,3762.57679816,3723.95860353,3959.42310323,3922.40191923,4146.61001807,4484.34567044,4445.44798877,4439.03432626,4399.73616679,4631.5750418,4600.68801141,4822.87281235,4587.45490051,4555.85037058,4536.7389141,4504.78693525,4762.21983345,4670.10951556,4918.89855039,5162.04163238,5117.03899443,5122.73537497,5077.38359311,5279.50038534,5307.06486665,5500.75339898,60.0033729527,84.85583773,0,60.006714942,305.953732532,239.999505777,384.197265971,782.322757829,722.507213802,780.012148166,720.015510138,780.018060266,1020.02115078,1063.22744402,919.403032859,978.315536431,933.011850546,991.113132128,963.486672436,703.79540374,664.325593149,1200.82310049,1249.27543475,1165.71237156,1215.56879491,1401.80612118,977.782540955,1201.46438738
60,1627.38936597,1615.63824073,1568.82071834,1556.63881665,1852.31528576,1638.74398543,1921.83199227,1647.73842032,1633.01081528,1589.91882968,1574.65027621,1867.47666498,1671.27985384,1949.6485933,821.32448147,776.276638695,861.076526879,818.219428949,638.068826922,1049.45221513,915.965655808,917.51544992,970.881565796,890.884303066,945.756174791,1098.75218649,680.117610308,880.543906896,3753.10514526,3715.25477462,3706.98225045,3668.64823161,3905.30783076,3865.80625068,4091.073457,4425.90767953,4386.87287523,4380.71980265,4341.27880478,4572.59452572,4542.97695512,4764.50648742,4535.71263807,4504.45306353,4484.78423731,4453.17550194,4711.65478571,4616.89289264,4866.68530036,5106.12690029,5060.95727138,5067.01625772,5021.49406242,5222.72084259,5252.02842047,5444.74632972,84.8539942489,59.9979202854,60.006714942,0,300.007576873,300.006220563,424.274917151,722.507170972,662.726182068,720.005433337,660.008795332,724.993141345,960.014435944,1005.8005476,933.011985221,991.11635879,950.222152546,1007.33112092,961.61986466,726.455175332,661.613883644,1153.45688656,1200.82230055,1116.85778453,1165.71517672,1358.80376926,934.53075752,1166.53700622
61,1608.91249478,1586.47917689,1553.83145392,1530.60120631,1812.6626141,1665.228741,1927.69301929,1489.54285205,1484.58641866,1429.8690525,1424.7048255,1724.1785501,1474.97342887,1765.94540087,960.892999038,929.697244062,1011.81756355,982.238199508,731.129483743,1154.00167404,949.459619095,717.760258535,776.508786137,707.52759724,767.065029806,856.329818024,470.566089424,605.263155746,3879.55291955,3845.12220331,3830.79146566,3795.91096679,4044.85164475,3976.2852285,4214.58233521,4503.96629322,4462.04236003,4461.44299166,4419.11571912,4637.5564932,4634.64726351,4843.37333797,4695.599114,4667.20199659,4642.99094116,4614.27816953,4880.56511671,4763.70856583,5022.07877727,5223.06574004,5175.83685236,5186.44894365,5138.88280825,5327.84685199,5379.21445762,5560.02103859,247.394721057,240.009656775,305.953732532,300.007576873,0,424.273884924,300.006478723,758.958348052,702.28887016,780.007641001,724.99537138,660.009295143,1005.79858092,960.015193623,1225.35675008,1284.25144074,1238.51209454,1296.80683455,1261.62744153,1007.33318996,961.621460516,1361.58810956,1401.93817059,1317.12832971,1358.80400145,1585.50176836,1166.53477718,1424.17583027
62,1331.73013229,1322.26677234,1272.7471559,1262.85343861,1560.40490186,1338.73895179,1622.43421,1417.3892885,1395.59491912,1362.1202508,1339.42653609,1622.99900945,1473.99352981,1735.72011818,545.928263685,509.55470433,593.234444021,559.940473068,340.76212189,759.942851763,616.51899926,756.319803202,799.514458541,714.755093926,760.31324769,977.659960968,560.416209432,831.746219463,4031.21726793,3992.01040165,3986.21595913,3946.55412793,4177.47683212,4149.72321325,4369.91971309,4718.46887092,4680.08838088,4672.69857301,4633.93910964,4867.72439122,4832.07012925,5056.69970589,4796.33520643,4763.43919952,4746.44249412,4713.20671503,4966.56895536,4884.53412929,5129.44181354,5386.56227802,5342.19969647,5346.52123933,5301.8228492,5507.28289683,5528.22713819,5725.57310537,247.390145354,305.942712826,239.999505777,300.006220563,424.273884924,0,300.008948068,1021.78081202,961.883918404,1020.0116539,960.015015891,1005.79949621,1260.02065651,1295.2449902,903.6105269,963.488443311,901.619681963,961.621349571,1007.33248546,661.614018078,726.454455811,1400.00283213,1451.73137311,1370.0064202,1422.82917768,1584.89614211,1165.71516177,1358.80460085
63,1309.08663749,1286.47500581,1254.22428769,1230.61521705,1513.12134639,1371.03134914,1629.3724448,1229.9129902,1218.58745858,1171.34659697,1159.44882836,1455.83162293,1247.00612388,1526.48435628,739.445989675,722.065704504,796.398452698,780.284346513,493.495782885,898.823725703,665.264226269,495.341847001,547.336161863,466.684217396,521.544839133,694.162405029,270.070391834,531.77644359,4149.19895854,4113.14970866,4101.60579199,4065.12684994,4308.21490404,4252.83380269,4485.75831775,4791.76460133,4750.62116127,4748.46138319,4706.93951148,4928.79862135,4918.355822,5131.07800647,4947.80785737,4917.62538312,4896.20268076,4865.70834298,5127.08905651,5023.53480122,5277.10455385,5497.53994697,5451.15625781,5459.84402628,5413.13659552,5607.07696746,5649.19906919,5835.30356322,339.42092294,384.196031557,384.197265971,424.274917151,300.006478723,300.008948068,0,1047.8732384,989.558204568,1063.21642603,1005.8015594,960.015773866,1295.24381697,1260.02167234,1203.12221331,1263.05326363,1201.62863003,1261.63029764,1296.80890546,961.622966146,1007.33396638,1575.90313569,1622.03077021,1537.65292737,1584.89827703,1783.07824191,1358.80483209,1585.50372387
64,2335.84816495,2319.52109857,2278.3767584,2261.64560119,2552.04158117,2359.41071232,2639.07360237,2242.83525063,2240.50952287,2182.91500337,2180.52524555,2480.43657715,2208.82483584,2505.35358889,1532.32805883,1482.59063432,1566.1414512,1517.51271382,1360.53921342,1767.66807618,1634.88854576,1464.26649558,1524.08288959,1460.75181704,1520.71245996,1560.7468767,1220.95791108,1270.47517403,3130.98828637,3098.43105945,3081.02953466,3047.93135739,3303.5809743,3221.18081804,3464.06522251,3745.32187684,3703.67005296,3702.61349029,3660.47579633,3880.93504178,3875.86596545,4084.7129301,3968.72838586,3943.10588871,3914.73436125,3888.76398094,4162.05755434,4025.92505611,4290.4905948,4469.01855366,4421.15540266,4433.29640029,4385.04262882,4570.63080849,4629.07331777,4805.25019497,780.013379656,720.015441381,782.322757829,722.507170972,758.958348052,1021.78081202,1047.8732384,0,60.0066485998,60.003374838,84.8599385269,247.387299551,247.389887274,339.417731262,1358.79897065,1401.90624904,1401.84047661,1443.65588353,1249.85036158,1249.46747113,1019.38697606,802.671281998,818.157267034,744.302325453,760.983435668,1050.02968724,724.959169793,1024.22516662
65,2276.04520506,2259.86120161,2218.53820791,2201.94235985,2492.55829728,2299.42120793,2579.07914213,2188.21444846,2185.23609858,2128.33425191,2125.27185921,2425.09318681,2157.31057192,2453.22217737,1473.73676903,1424.31090735,1508.00240111,1459.73718662,1300.78653225,1708.52529895,1574.88418711,1410.42592872,1470.14918356,1405.8531553,1465.76856359,1511.56661508,1166.28830747,1223.35130907,3183.59614726,3150.57041171,3133.94273734,3100.38073708,3354.52477492,3275.72466419,3517.21874135,3802.85691295,3761.39781558,3759.9539685,3718.01656692,3939.3033613,3932.38030179,4142.22731774,4017.01942864,3990.9079166,3963.26156497,3936.80141301,4208.9614664,4076.25836898,4339.68124875,4523.25719184,4475.60069642,4487.25615809,4439.21246531,4626.07439116,4682.20476977,4859.73678258,720.006731187,660.008792903,722.507213802,662.726182068,702.28887016,961.883918404,989.558204568,60.0066485998,0,84.8528793787,60.0035077818,240.004688554,305.950378619,384.20159793,1317.0851587,1361.51344098,1358.79866214,1401.89858342,1216.26796596,1200.9779569,977.923091469,818.158032524,837.665965494,760.978355423,781.920383867,1065.29947396,722.402155151,1022.41538823
66,2341.47827736,2326.63432033,2283.5798642,2268.36796938,2560.53787189,2358.74780107,2640.94064417,2268.02804954,2264.24566592,2208.20339301,2204.31822952,2503.97261512,2239.8249863,2535.28892786,1520.74428196,1469.73175289,1552.64817972,1502.71932026,1356.45413768,1758.68016223,1635.46513714,1491.23946051,1550.85296222,1485.52991146,1545.36932704,1595.34040156,1246.33595771,1307.78509956,3102.33583821,3068.93002517,3052.95270666,3018.99307796,3272.03215824,3196.42892622,3436.42449416,3728.60070693,3687.62471589,3685.24495988,3643.78152311,3867.35511932,3855.97090473,4067.89533047,3933.19731421,3906.91392424,3879.53069888,3852.8891443,4124.69469753,3993.37700773,4256.220331,4443.53350653,4396.11819662,4407.2254799,4359.41454663,4547.88751648,4601.34006346,4780.28853443,782.31178955,722.505088603,780.012148166,720.005433337,780.007641001,1020.0116539,1063.21642603,60.003374838,84.8528793787,0,59.9966381692,305.944229785,240.009002611,384.200213941,1317.01294104,1358.79685272,1361.37578249,1401.83059046,1201.2977418,1215.7954434,977.825591567,744.304441036,760.97996664,686.217765575,704.276371622,991.6997026,665.185627448,964.33380404
67,2281.83310459,2267.17181391,2223.8915587,2208.85664965,2501.2667952,2298.75126684,2580.99982082,2214.03815965,2209.57551728,2154.2727549,2149.68590876,2449.17054523,2189.04914183,2483.79476859,1461.69896287,1410.93117252,1493.99427291,1444.36227025,1296.52365247,1699.23483022,1575.49312717,1438.41810873,1497.89271999,1431.59119728,1491.34355341,1547.26851719,1192.83948019,1262.06320855,3155.41268544,3121.55349591,3106.3354087,3071.92785914,3323.45109915,3251.37897238,3489.99016934,3786.3803088,3745.59022784,3742.84203907,3701.57229091,3925.91569069,3912.76323267,4125.63464313,3981.91120462,3955.1453901,3928.48466566,3901.36028741,4172.01082172,4044.10702683,4305.79428545,4498.07042439,4450.86070309,4461.4915747,4413.88989462,4603.59579262,4654.77922161,4835.04734691,722.506871547,662.734785249,720.015510138,660.008795332,724.99537138,960.015015891,1005.8015594,84.8599385269,60.0035077818,59.9966381692,0,300.008196139,300.00564068,424.27766973,1273.93906061,1317.08980733,1317.01984631,1358.79597013,1166.32424854,1165.91504307,934.527090521,760.977457217,781.913342129,704.267813886,726.845189654,1007.85111512,662.398691111,962.411903053
68,2268.69252695,2246.48556503,2213.3430764,2190.58517823,2472.04563838,2317.70637241,2585.36707698,2098.96641079,2102.25963764,2039.01292556,2042.40273464,2341.74254784,2043.11160569,2342.36392168,1544.44336692,1500.81920767,1585.66736078,1543.208113,1344.76454683,1765.72057002,1595.19868229,1319.99639459,1379.86816333,1325.28206235,1384.93262308,1385.67043623,1087.07732884,1088.02004398,3304.8084798,3275.0481343,3253.08510955,3222.84009694,3486.36203964,3381.98881321,3633.98550653,3877.33481536,3833.35497456,3837.00795417,3792.56053312,4001.38963333,4018.8341396,4216.46772513,4163.12101715,4139.54708604,4108.17049458,4084.28708274,4361.86857121,4210.94032631,4480.68203737,4630.39067463,4581.06494539,4596.68385926,4546.99179718,4722.5236226,4797.82366779,4964.49901369,758.959163375,702.297020556,780.018060266,724.993141345,660.009295143,1005.79949621,960.015773866,247.387299551,240.004688554,305.944229785,300.008196139,0,424.269244508,300.005898521,1501.30236329,1549.74708155,1538.02849785,1585.3450278,1423.83404221,1358.8012878,1166.32907172,1050.02141696,1065.29045149,991.689316355,1007.84876408,1297.39399429,962.406741427,1262.4200219
69,2580.24578919,2564.75728187,2522.50314614,2506.66870406,2797.95588372,2598.75646128,2880.75021418,2486.76922651,2485.41152666,2426.80210122,2425.41073234,2725.39643502,2447.13302507,2744.74855417,1757.58987525,1705.78679652,1788.17428758,1737.28382991,1596.24760879,1996.81177151,1875.39175488,1707.29977349,1767.2240461,1705.3635674,1765.35982844,1794.84964828,1465.39158324,1500.78945129,2892.70737225,2861.31239925,2842.03446438,2810.06617293,3069.44422571,2978.54995943,3224.40038544,3498.20282232,3456.43005195,3455.64721503,3413.35375566,3633.55598019,3629.8062975,3837.6046929,3741.59409048,3717.3877244,3686.95215382,3662.39238539,3938.85930467,3793.13564243,4060.71056252,4226.8385052,4178.56419127,4191.69645762,4143.01196739,4326.174758,4389.25132791,4562.5439277,1021.77960146,961.891537696,1020.02115078,960.014435944,1005.79858092,1260.02065651,1295.24381697,247.389887274,305.950378619,240.009002611,300.00564068,424.269244508,0,300.006819142,1500.98313426,1537.77702796,1549.37908636,1585.04187862,1358.80003307,1423.16170629,1165.91827642,724.962760132,722.404468394,665.188405802,662.406027896,962.417863311,727.500094875,1008.32898304
70,2568.63327344,2546.49062713,2513.20931062,2490.58404133,2771.86521637,2615.53914573,2884.66454244,2384.89479049,2390.51226434,2325.09309763,2330.85464322,2629.28026164,2317.506498,2617.45769689,1826.9829985,1780.85464845,1865.44699281,1820.29311876,1635.67364367,2053.68713211,1891.97744539,1608.79524604,1668.36454832,1617.15482984,1676.43486199,1657.56882655,1380.66972507,1357.70360156,3054.97685641,3028.02748171,3001.73298199,2974.29442144,3245.13143102,3120.59947902,3379.72993871,3596.45255557,3551.34786267,3557.4231836,3511.81726689,3714.97415566,3743.9021572,3935.09171083,3933.88882718,3913.00928567,3877.8453546,3856.66983067,4139.42390563,3970.52771705,4245.7051385,4367.38365643,4316.98852134,4335.30974335,4284.53669275,4452.51833633,4540.66788799,4699.50744792,1047.87411534,989.566968057,1063.22744402,1005.8005476,960.015193623,1295.2449902,1260.02167234,339.417731262,384.20159793,384.200213941,424.27766973,300.005898521,300.006819142,0,1698.21660727,1741.19203382,1741.13962358,1783.07352944,1585.34841212,1585.0470675,1358.80454999,1024.22185841,1022.41116114,964.329535451,962.412701292,1262.4246052,1008.32163173,1297.76560572
71,1788.07360716,1808.42277008,1731.42451702,1752.44378438,2034.66792372,1666.40660377,1961.05450586,2170.42926644,2133.34158187,2124.00427558,2086.09101232,2328.21297804,2285.15684443,2508.13561674,833.551086587,781.447727835,806.458301792,752.486509163,927.57514445,1029.05667724,1163.23302433,1636.05861006,1670.22349044,1586.57999639,1621.78359481,1870.69397237,1461.99592832,1733.99254345,3739.80906486,3691.57863307,3704.66592663,3655.96337794,3840.0810563,3902.59625315,4075.58373128,4550.05327749,4521.22018539,4497.69883715,4468.52815216,4733.74753238,4620.32366026,4877.29164237,4376.25867131,4335.12458204,4332.97792114,4291.43794189,4513.65315671,4503.33944993,4715.5819048,5085.80724325,5048.62826171,5039.02918644,5001.50161668,5239.76503449,5193.37374906,5423.21865955,978.316668938,991.110106534,919.403032859,933.011985221,1225.35675008,903.6105269,1203.12221331,1358.79897065,1317.0851587,1317.01294104,1273.93906061,1501.30236329,1500.98313426,1698.21660727,0,60.0023613322,60.0066026052,84.8569381202,247.391121168,247.38975142,339.412150873,1153.2267169,1212.54082735,1164.06335123,1222.85120469,1200.76117995,930.494926264,901.269010852
72,1827.28104822,1849.01508399,1771.152719,1793.57915637,2073.33715661,1699.76433619,1992.73912549,2222.56986693,2184.83051023,2176.66043247,2138.11051728,2377.66737942,2339.92777306,2560.67371412,880.257908117,829.523652102,850.70864354,798.103480873,982.195616749,1068.96057993,1212.60435484,1694.64349195,1728.40185514,1644.88588108,1679.64055902,1929.78898684,1521.66248265,1793.97139363,3731.34964172,3682.55452696,3696.98866239,3647.72537888,3828.07631448,3897.02537462,4066.33070626,4549.00056317,4520.866087,4496.26210065,4467.79575118,4734.82180022,4616.16287005,4875.06506709,4357.3242171,4315.62232288,4314.59259435,4272.48260392,4492.08710961,4487.14282888,4696.72352241,5074.80960143,5038.18235243,5027.59672719,4990.6221064,5230.97939302,5179.82004865,5411.78552514,1037.35410774,1049.42820102,978.315536431,991.11635879,1284.25144074,963.488443311,1263.05326363,1401.90624904,1361.51344098,1358.79685272,1317.08980733,1549.74708155,1537.77702796,1741.19203382,60.0023613322,0,84.8538081319,59.9966076388,240.007737418,305.945875249,384.192776857,1164.06474611,1222.85370124,1177.86212807,1235.99396685,1199.22498905,947.699697964,899.220062207
73,1742.59108738,1764.20201252,1686.40545066,1708.73926087,1988.7245782,1616.36985028,1909.94659627,2141.01762385,2102.79361543,2095.54377295,2056.47432569,2294.40793567,2261.02723008,2479.40864778,796.178290748,745.968368705,766.073695501,713.754505023,903.656904576,984.168474113,1129.48313723,1623.92537194,1656.31439394,1573.24005212,1606.64683929,1861.08018913,1456.75780084,1733.32979277,3799.15659525,3750.8390973,3764.12352224,3715.34191942,3898.79906216,3962.30309251,4134.81375913,4610.04244608,4581.22203993,4557.67746012,4528.52401541,4793.75025593,4680.15924419,4937.24245219,4433.11435504,4391.78664724,4390.01339141,4348.28500678,4569.56468152,4561.04139716,4772.46889817,5144.74358124,5107.66641392,5097.88077876,5060.45939374,5299.08087945,5251.76877014,5482.07399153,991.117388746,1007.3281301,933.011850546,950.222152546,1238.51209454,901.619681963,1201.62863003,1401.84047661,1358.79866214,1361.37578249,1317.01984631,1538.02849785,1549.37908636,1741.13962358,60.0066026052,84.8538081319,0,60.0016679115,305.951548445,240.005663885,384.195633075,1212.54076839,1271.91984174,1222.85216597,1281.75293603,1260.69429018,988.605954944,961.147204418
74,1782.80618075,1805.79552322,1727.17651877,1750.90851022,2028.27711934,1650.74699778,1942.47322228,2193.86162277,2155.0170056,2148.90154096,2109.22869499,2344.58053338,2316.37214758,2532.5469187,844.959127726,796.194789346,812.532526742,761.700479833,959.643026546,1025.82698974,1180.27209112,1682.93404597,1714.96633351,1632.02415695,1665.03172474,1920.47200272,1516.63069434,1793.33030849,3790.81991322,3741.94822876,3756.55805063,3707.22616701,3886.96610715,3956.80649055,4125.6838973,4608.99354513,4580.86268326,4556.2497548,4527.79142834,4794.80116624,4676.04186094,4935.0330483,4414.41457158,4372.5279528,4371.85868942,4329.56935803,4548.25472884,4545.04103628,4753.82697863,5133.86256328,5097.33184098,5086.57098364,5049.69727544,5290.38402826,5238.35664585,5470.75424232,1049.43242302,1064.75525838,991.113132128,1007.33112092,1296.80683455,961.621349571,1261.63029764,1443.65588353,1401.89858342,1401.83059046,1358.79597013,1585.3450278,1585.04187862,1783.07352944,84.8569381202,59.9966076388,60.0016679115,0,300.004344977,300.007331538,424.269088949,1222.8436492,1281.74545201,1235.98529378,1294.28819292,1259.22158205,1004.8069272,959.216645127
75,2013.27658726,2030.46512649,1955.61904781,1973.32210599,2260.55503951,1902.16189352,2198.71340531,2349.2703031,2315.84329231,2300.05240045,2265.89909843,2519.99857259,2446.64911967,2683.68969851,1044.26555078,988.374533323,1024.56490757,967.541244055,1100.87513143,1255.45019542,1360.85875706,1761.27174414,1801.24764921,1716.47870028,1757.47124023,1984.85406632,1564.81937564,1816.47635494,3493.62548041,3445.16548752,3458.83588373,3409.87296681,3592.85970136,3657.94899389,3829.09528227,4309.00817794,4280.85840783,4256.29245039,4227.79191841,4494.88799108,4376.65694057,4635.17880274,4129.76218979,4088.85888571,4086.28724578,4044.95327185,4268.43386434,4256.10697227,4469.04318223,4838.80640668,4801.77117492,4791.92993732,4754.52870063,4993.47928206,4945.99963561,5176.1233159,1023.38010185,1021.61778482,963.486672436,961.61986466,1261.62744153,1007.33248546,1296.80890546,1249.85036158,1216.26796596,1201.2977418,1166.32424854,1423.83404221,1358.80003307,1585.34841212,247.391121168,240.007737418,305.951548445,300.004344977,0,424.275571551,300.005981046,930.487763173,988.598945215,947.691519194,1004.80694935,959.217316603,723.945998466,659.212451485
76,1594.23901663,1609.51045862,1536.01108181,1551.86794803,1841.62330102,1495.14780529,1794.08957243,1933.83700115,1898.51816761,1886.12376446,1849.89381879,2098.89927511,2042.29105873,2270.29218361,621.050929745,564.504424578,604.597128376,546.354949066,686.543491742,840.056422497,937.298263023,1388.74826057,1422.83985982,1339.19100745,1374.50835917,1623.96648404,1217.39603472,1493.32948259,3841.68019491,3795.66609143,3803.68668532,3757.19889938,3954.86538007,3993.21483172,4179.73112459,4622.00651914,4590.48365493,4571.24139807,4539.3661994,4797.03025763,4704.22713196,4953.31884031,4515.09484563,4476.01839317,4469.93141542,4430.46547963,4661.53518365,4632.24386742,4853.71897298,5194.94974688,5155.76031741,5149.84240956,5110.30622733,5340.44743939,5311.83592103,5533.60655702,760.478952176,781.489131692,703.79540374,726.455175332,1007.33318996,661.614018078,961.622966146,1249.46747113,1200.9779569,1215.7954434,1165.91504307,1358.8012878,1423.16170629,1585.0470675,247.38975142,305.945875249,240.005663885,300.007331538,424.275571551,0,300.005709631,1200.76362986,1260.69659048,1199.22588174,1259.23248438,1294.65636438,959.22729131,1005.28056752
77,1848.37411705,1858.06869151,1789.03355505,1799.06020675,2094.70342274,1768.82014189,2068.79201118,2108.50017236,2079.28071539,2056.67964165,2026.71289695,2293.18973064,2188.94271441,2437.75093213,873.063176597,813.402452462,868.943138735,808.982264976,873.128787598,1108.84181288,1156.47050742,1482.712187,1525.73247695,1440.91335154,1485.14322846,1699.61855037,1276.92823937,1521.04824526,3548.74565975,3503.43481341,3509.96232988,3464.13586772,3666.20789595,3697.29949092,3887.26637,4322.92248154,4291.15028059,4272.33497332,4240.18391208,4497.26401287,4406.75562411,4654.640938,4237.20938109,4199.34389574,4191.04572542,4152.76810581,4388.94043882,4349.10494989,4575.15517471,4903.56875348,4863.74960438,4859.03756834,4818.8496182,5046.4870942,5023.75488203,5242.5072243,724.10359564,721.611803786,664.325593149,661.613883644,961.621460516,726.454455811,1007.33396638,1019.38697606,977.923091469,977.825591567,934.527090521,1166.32907172,1165.91827642,1358.80454999,339.412150873,384.192776857,384.195633075,424.269088949,300.005981046,300.005709631,0,901.270663404,961.148701878,899.220258628,959.226852233,1005.27995329,659.221729117,724.60205427
78,2689.17855681,2689.88312919,2629.17460522,2629.90721228,2929.83565507,2639.91057181,2938.82154061,2800.59750209,2784.44106874,2743.03204029,2726.53432622,3016.86990221,2820.86277292,3102.38528163,1738.15359375,1678.47819257,1745.31652316,1685.89736756,1670.19030166,1983.35578584,1970.01773147,2062.54503545,2118.20135583,2040.58930998,2096.83125636,2217.9100063,1818.02944807,1956.43887118,2662.66724624,2619.62609332,2621.5636575,2577.82807491,2793.42704263,2802.50586174,3002.00869741,3421.75672253,3389.88137782,3371.31808575,3338.96145198,3596.38121936,3508.01917661,3753.85973199,3397.8906327,3364.28214632,3348.60348048,3314.50376908,3566.57447561,3492.02546246,3732.12644838,4020.10594508,3978.55231496,3977.27244709,3935.26571864,4155.85256103,4149.73786004,4359.49055434,1237.84531476,1191.95467852,1200.82310049,1153.45688656,1361.58810956,1400.00283213,1575.90313569,802.671281998,818.158032524,744.304441036,760.977457217,1050.02141696,724.962760132,1024.22185841,1153.2267169,1164.06474611,1212.54076839,1222.8436492,930.487763173,1200.76362986,901.270663404,0,60.0064915747,60.0045926392,84.8612267367,247.395568433,247.384351298,339.418253597
79,2745.21148408,2745.42830085,2685.20910468,2685.44269999,2985.41554261,2697.64881195,2996.40323082,2848.52115299,2833.09674376,2790.74093202,2774.99519492,3066.21777333,2865.46395496,3148.33136447,1796.10914853,1736.4917114,1803.76234281,1744.40912249,1725.47317438,2041.56624259,2025.40629227,2106.5532626,2162.62953863,2085.6838546,2142.3094557,2258.07908913,1861.30081174,1993.45710896,2605.05358,2562.28922548,2563.67819823,2520.20364945,2737.28878286,2743.78876233,2944.43215825,3361.96936242,3330.02367348,3311.58302608,3279.14669431,3536.41162428,3448.71348949,3694.18453462,3344.95532908,3311.77262613,3295.38367396,3261.70516706,3515.18503372,3437.31543485,3678.71577797,3962.60370275,3920.86687109,3919.9554046,3877.75873967,4097.5501364,4093.20266397,4302.00547114,1284.90189596,1237.84784328,1249.27543475,1200.82230055,1401.93817059,1451.73137311,1622.03077021,818.157267034,837.665965494,760.97996664,781.913342129,1065.29045149,722.404468394,1022.41116114,1212.54082735,1222.85370124,1271.91984174,1281.74545201,988.598945215,1260.69659048,961.148701878,60.0064915747,0,84.8558387093,59.9984773359,240.013500596,305.94433144,384.20197914
80,2668.07685316,2667.5285948,2608.08548671,2607.53651974,2907.5391222,2624.03173872,2922.34471368,2764.59620264,2749.44968807,2706.74491128,2691.27264387,2982.86369987,2780.76350117,3063.85155319,1723.32190085,1663.89526197,1732.48571695,1673.38705024,1647.40090131,1969.43825991,1947.40256082,2021.79787747,2077.9205071,2001.07342351,2057.76437453,2173.30109381,1776.48846963,1909.12383642,2679.87442954,2637.74793204,2637.83026877,2595.01316881,2814.96333668,2815.35401255,3019.29190986,3427.34990941,3394.58787339,3377.48976894,3344.23948896,3598.96036234,3517.57879073,3760.57290202,3426.33335572,3393.49926751,3376.51702559,3343.2021643,3597.69466325,3516.90078304,3759.65480432,4037.5400617,3995.36972059,3995.31193367,3952.69027181,4170.35223885,4170.09063178,4376.95930373,1200.82025379,1153.45748767,1165.71237156,1116.85778453,1317.12832971,1370.0064202,1537.65292737,744.302325453,760.978355423,686.217765575,704.267813886,991.689316355,665.188405802,964.329535451,1164.06335123,1177.86212807,1222.85216597,1235.98529378,947.691519194,1199.22588174,899.220258628,60.0045926392,84.8558387093,0,60.0066142371,305.954451297,239.998655064,384.199747897
81,2724.54610513,2723.5321537,2664.56582979,2663.54092419,2963.53963011,2682.11361782,2980.24661729,2813.13703634,2798.71746227,2755.08608633,2740.36089177,3032.76856103,2826.00184222,3110.37096606,1781.76166794,1722.40172274,1791.35172789,1732.32289841,1703.42605029,2028.04983999,2003.41894276,2066.67827123,2123.19599764,2047.04283567,2104.09127686,2214.28426599,1820.75174637,1947.0468429,2622.63697726,2580.8117904,2580.30803264,2537.77717547,2759.26101268,2756.90919628,2962.04951029,3367.66121344,3334.81410555,3317.86513233,3284.52025036,3539.03414505,3458.43599111,3701.00519378,3373.84137299,3341.44586397,3323.74128263,3290.86103413,3546.75291077,3462.5812044,3706.63794067,3980.28783438,3937.92884118,3938.2555243,3895.4386762,4112.25383142,4113.83298919,4319.70482897,1249.27620786,1200.82696138,1215.56879491,1165.71517672,1358.80400145,1422.82917768,1584.89827703,760.983435668,781.920383867,704.276371622,726.845189654,1007.84876408,662.406027896,962.412701292,1222.85120469,1235.99396685,1281.75293603,1294.28819292,1004.80694935,1259.23248438,959.226852233,84.8612267367,59.9984773359,60.0066142371,0,300.01197792,300.005269292,424.27948022
82,2839.08356794,2844.01936185,2779.23819688,2784.29217938,3083.0731316,2771.9439734,3071.92950279,2997.91600061,2978.75856554,2941.30454544,2921.77574088,3207.77444255,3030.0784885,3306.72524149,1871.73284392,1811.73594613,1871.91585484,1811.92827384,1830.76366482,2111.88655732,2128.06462631,2274.92300242,2329.17728005,2249.6497487,2304.50120919,2440.17902012,2033.1566303,2185.74253392,2547.66018595,2501.24416298,2510.42311801,2463.297091,2661.12843183,2704.00547339,2885.37650727,3349.86280358,3321.64255448,3297.26447914,3268.5903671,3536.09229054,3420.08108618,3676.57323376,3237.95008782,3201.57144263,3190.71436486,3153.79959582,3396.57278347,3345.1053116,3574.91183674,3900.29441339,3861.18818651,3855.22321087,3815.65421724,4047.09584347,4018.57732507,4238.95856415,1443.65765016,1401.94200687,1401.80612118,1358.80376926,1585.50176836,1584.89614211,1783.07824191,1050.02968724,1065.29947396,991.6997026,1007.85111512,1297.39399429,962.417863311,1262.4246052,1200.76117995,1199.22498905,1260.69429018,1259.22158205,959.217316603,1294.65636438,1005.27995329,247.395568433,240.013500596,305.954451297,300.01197792,0,424.273842223,300.005015196
83,2443.91386212,2445.44150941,2383.91534704,2385.49342954,2685.2957292,2392.68234987,2691.68718926,2575.29462204,2556.99675383,2518.4282602,2499.71395057,2787.25566247,2605.8046859,2882.78572549,1490.83626191,1431.14030723,1497.95523465,1438.55741272,1426.56959837,1735.9735234,1726.0486079,1850.89044597,1904.99999134,1825.38650552,1880.2322091,2018.92744232,1609.68774106,1769.71352382,2909.91216214,2866.71734398,2868.90908914,2825.07917763,3039.38397988,3049.71177798,3249.23112201,3666.18037212,3633.73161172,3616.08655245,3583.18435799,3838.66235723,3754.39595171,3998.94682799,3638.59850457,3604.1597408,3589.86544351,3554.96316529,3804.0799588,3735.89248396,3973.68383072,4267.27791629,4225.81836731,4224.32724559,4182.44112759,4403.22960834,4396.08502038,4606.64982218,1019.38452216,977.976761973,977.782540955,934.53075752,1166.53477718,1165.71516177,1358.80483209,724.959169793,722.402155151,665.185627448,662.398691111,962.406741427,727.500094875,1008.32163173,930.494926264,947.699697964,988.605954944,1004.8069272,723.945998466,959.22729131,659.221729117,247.384351298,305.94433144,239.998655064,300.005269292,424.273842223,0,300.01335452
84,2570.98532412,2578.95513765,2511.43638823,2519.60675253,2816.66344966,2492.96503072,2792.86004295,2775.9522972,2752.89371729,2720.89365912,2697.36420808,2976.73217994,2825.83017609,3093.62039434,1597.28102233,1537.49362332,1593.42474041,1533.49057727,1576.4330933,1833.21784503,1869.28355838,2080.84557087,2132.16741116,2050.02015328,2102.09564092,2264.39722089,1846.53468599,2029.37735509,2842.52278216,2795.29970004,2806.22049694,2758.36750705,2950.58244204,3001.97249132,3179.49083904,3649.8379882,3621.64738656,3597.19418145,3568.58796051,3835.95035478,3719.09444179,3976.34589211,3512.96326986,3474.87601573,3467.06400345,3428.47567569,3664.4605062,3627.27868468,3851.10234316,4192.76323874,4154.39877503,4147.02635073,4108.23392915,4342.43964033,4307.07582521,4531.01970144,1250.04256211,1216.51130353,1201.46438738,1166.53700622,1424.17583027,1358.80460085,1585.50372387,1024.22516662,1022.41538823,964.33380404,962.411903053,1262.4200219,1008.32898304,1297.76560572,901.269010852,899.220062207,961.147204418,959.216645127,659.212451485,1005.28056752,724.60205427,339.418253597,384.20197914,384.199747897,424.27948022,300.005015196,300.01335452,0
